n_jobs,job_rule,amr_rule,instances,decisions,legal_actions_avg,amr_by_name_pct,amr_tie_size_avg,job_by_index_pct,job_tie_size_avg,rev_amr_moves_pct,rev_amr_mean_delta_pct,rev_amr_meanabs_pct,rev_amr_absmax_pct,rev_both_moves_pct,rev_both_mean_delta_pct,rev_both_meanabs_pct,rev_both_absmax_pct,makespan_mean
20,fifo,earliest_available,10,400,159.9,31.8,6.28,95.0,11,80.0,-1.44,2.44,6.25,90.0,-3.95,5.83,16.92,181.4
20,fifo,earliest_completion,10,400,159.9,8.2,2.06,95.0,11,50.0,0.46,0.7,2.38,100.0,-3.94,6.6,16.13,178.2
20,fifo,least_loaded,10,400,159.9,31.8,6.28,95.0,11,80.0,-1.44,2.44,6.25,90.0,-3.95,5.83,16.92,181.4
20,fifo,nearest_amr,10,400,159.9,6.8,2.04,95.0,11,50.0,-0.27,0.49,2.6,100.0,-0.92,5.51,14.89,188.3
20,spt,earliest_available,10,400,159.9,30.0,4.94,85.0,4.84,60.0,-0.76,1.17,5.7,90.0,0.29,4.0,6.55,173.1
20,spt,earliest_completion,10,400,159.9,6.5,2.12,85.0,4.84,50.0,0.71,0.95,5.1,100.0,1.53,5.51,12.76,170.1
20,spt,least_loaded,10,400,159.9,30.0,4.94,85.0,4.84,60.0,-0.76,1.17,5.7,90.0,0.29,4.0,6.55,173.1
20,spt,nearest_amr,10,400,159.9,10.0,2.02,85.0,4.84,80.0,-0.11,1.22,2.81,90.0,5.96,9.15,30.9,177.2
20,lpt,earliest_available,10,400,159.9,31.8,6.87,85.0,4.84,70.0,-0.71,1.49,5.03,100.0,-3.73,6.09,24.89,174.6
20,lpt,earliest_completion,10,400,159.9,9.0,2.03,85.0,4.84,50.0,0.22,0.65,1.85,90.0,-1.62,6.11,23.5,172.7
20,lpt,least_loaded,10,400,159.9,31.8,6.87,85.0,4.84,70.0,-0.71,1.49,5.03,100.0,-3.73,6.09,24.89,174.6
20,lpt,nearest_amr,10,400,159.9,9.5,2.13,85.0,4.84,70.0,-0.74,1.17,2.45,100.0,-0.53,10.92,32.63,182.5
20,milk_run,earliest_available,10,400,153.7,20.2,7.84,13.8,2.29,90.0,0.26,2.22,4.76,90.0,0.63,4.04,13.76,177.0
20,milk_run,earliest_completion,10,400,153.7,6.5,2,13.2,2.3,60.0,-0.43,1.26,5.19,70.0,0.73,3.08,11.8,178.4
20,milk_run,least_loaded,10,400,153.7,20.2,7.84,13.8,2.29,80.0,-0.39,2.11,4.76,90.0,0.74,3.94,13.76,176.8
20,milk_run,nearest_amr,10,400,153.7,6.5,2,13.2,2.3,60.0,-0.43,1.26,5.19,70.0,0.73,3.08,11.8,178.4
20,material_match,earliest_available,10,400,159.9,27.0,4.44,11.0,2.2,70.0,0.82,2.7,11.69,70.0,1.85,3.05,20.39,163.1
20,material_match,earliest_completion,10,400,159.9,7.8,2.06,11.8,2.23,60.0,1.24,1.82,9.2,70.0,2.52,2.96,9.2,161.3
20,material_match,least_loaded,10,400,159.9,27.0,4.44,11.0,2.2,70.0,0.82,2.7,11.69,70.0,1.85,3.05,20.39,163.1
20,material_match,nearest_amr,10,400,159.9,7.8,2.06,11.8,2.23,60.0,1.24,1.82,9.2,70.0,2.52,2.96,9.2,161.3
20,earliest_completion_job,earliest_available,10,400,159.8,27.0,4.44,15.0,2.18,70.0,0.82,2.7,11.69,70.0,1.52,3.25,20.39,163.1
20,earliest_completion_job,earliest_completion,10,400,159.7,7.8,2.06,16.5,2.21,60.0,1.24,1.82,9.2,80.0,2.78,3.23,9.2,160.9
20,earliest_completion_job,least_loaded,10,400,159.8,27.0,4.44,15.0,2.18,70.0,0.82,2.7,11.69,70.0,1.52,3.25,20.39,163.1
20,earliest_completion_job,nearest_amr,10,400,159.7,7.8,2.06,16.5,2.21,60.0,1.24,1.82,9.2,80.0,2.78,3.23,9.2,160.9
60,fifo,earliest_available,10,1200,478.9,10.1,6.08,98.3,31,100.0,0.03,1.01,2.52,100.0,0.84,3.82,8.29,385.3
60,fifo,earliest_completion,10,1200,478.9,8.2,2.17,98.3,31,90.0,0.27,2.27,6.61,100.0,0.74,4.76,15.34,381.4
60,fifo,least_loaded,10,1200,478.9,10.1,6.08,98.3,31,90.0,-0.1,0.98,2.52,100.0,0.19,2.9,5.04,388.2
60,fifo,nearest_amr,10,1200,478.9,14.9,2.91,98.3,31,80.0,-0.9,1.53,9.16,100.0,10.42,14.48,54.07,541.7
60,spt,earliest_available,10,1200,478.9,10.0,4.62,95.0,11.39,100.0,-1.29,1.5,3.27,100.0,1.45,5.09,10.71,383.7
60,spt,earliest_completion,10,1200,478.9,8.6,2.17,95.0,11.39,100.0,-0.49,1.26,2.4,100.0,0.78,4.17,7.01,378.5
60,spt,least_loaded,10,1200,478.9,10.0,4.62,95.0,11.39,100.0,-1.28,1.5,3.27,100.0,0.99,5.02,10.71,384.2
60,spt,nearest_amr,10,1200,478.9,13.8,2.79,95.0,11.39,90.0,0.16,2.77,10.6,90.0,2.2,10.41,24.03,526.1
60,lpt,earliest_available,10,1200,478.9,10.9,6.92,95.0,11.39,100.0,0.44,1.37,2.2,100.0,-1.25,3.38,6.61,381.5
60,lpt,earliest_completion,10,1200,478.9,4.8,2.07,95.0,11.39,60.0,0.42,0.42,1.11,100.0,-1.95,4.93,9.0,379.2
60,lpt,least_loaded,10,1200,478.9,10.8,6.96,95.0,11.39,90.0,-0.24,1.16,2.6,100.0,-1.56,4.01,8.35,384.0
60,lpt,nearest_amr,10,1200,478.9,13.8,2.96,95.0,11.39,90.0,0.09,0.87,1.84,100.0,-0.52,10.53,18.36,536.0
60,milk_run,earliest_available,10,1200,468.0,10.8,6.05,26.9,2.56,100.0,-1.72,6.95,16.23,100.0,0.65,5.66,14.29,347.8
60,milk_run,earliest_completion,10,1200,468.3,3.9,2.11,26.2,2.55,50.0,-0.49,2.43,11.11,100.0,-1.33,3.72,8.13,335.6
60,milk_run,least_loaded,10,1200,468.0,10.8,6.05,26.9,2.57,100.0,-1.08,6.47,17.28,100.0,0.32,5.41,11.76,348.7
60,milk_run,nearest_amr,10,1200,468.3,3.9,2.11,26.2,2.55,50.0,-0.49,2.43,11.11,100.0,-1.33,3.72,8.13,335.6
60,material_match,earliest_available,10,1200,478.9,8.5,3.78,20.8,2.76,100.0,-0.6,2.22,5.33,100.0,0.25,2.89,5.45,357.4
60,material_match,earliest_completion,10,1200,478.9,4.8,2.05,21.8,2.79,100.0,-0.3,1.99,3.92,90.0,0.6,3.04,8.62,355.8
60,material_match,least_loaded,10,1200,478.9,8.5,3.78,20.8,2.76,100.0,-0.6,2.22,5.33,100.0,0.25,2.89,5.45,357.4
60,material_match,nearest_amr,10,1200,478.9,4.8,2.05,21.8,2.79,100.0,-0.3,1.99,3.92,90.0,0.6,3.04,8.62,355.8
60,earliest_completion_job,earliest_available,10,1200,478.9,8.5,3.78,26.5,2.8,90.0,-0.55,2.05,5.33,100.0,-0.92,2.8,4.74,360.7
60,earliest_completion_job,earliest_completion,10,1200,478.9,4.8,2.05,28.3,2.79,90.0,-0.4,1.9,3.92,90.0,-0.01,3.47,8.62,357.9
60,earliest_completion_job,least_loaded,10,1200,478.9,8.5,3.78,26.5,2.8,90.0,-0.55,2.05,5.33,100.0,-0.92,2.8,4.74,360.7
60,earliest_completion_job,nearest_amr,10,1200,478.9,4.8,2.05,28.3,2.79,90.0,-0.4,1.9,3.92,90.0,-0.01,3.47,8.62,357.9
100,fifo,earliest_available,10,2000,797.9,6.2,5.97,99.0,51,80.0,-0.49,0.75,2.43,90.0,-0.07,1.8,4.26,611.7
100,fifo,earliest_completion,10,2000,797.9,9.7,2.26,99.0,51,100.0,0.71,2.17,5.43,100.0,-0.78,3.84,7.99,611.8
100,fifo,least_loaded,10,2000,797.9,6.2,6,99.0,51,90.0,-0.39,0.86,2.64,100.0,-1.17,2.59,6.2,621.8
100,fifo,nearest_amr,10,2000,797.9,16.4,3.08,99.0,51,90.0,-0.6,1.03,6.24,100.0,7.7,16.61,37.08,941.8
100,spt,earliest_available,10,2000,797.9,6.1,5.04,97.0,18.06,80.0,-0.13,0.77,1.76,100.0,1.34,2.74,4.75,596.1
100,spt,earliest_completion,10,2000,797.9,7.4,2.2,97.0,18.06,100.0,-0.55,1.54,2.42,90.0,-0.78,2.78,4.32,600.4
100,spt,least_loaded,10,2000,797.9,6.2,5.02,97.0,18.06,80.0,-0.44,0.71,1.5,100.0,0.77,2.38,4.4,597.4
100,spt,nearest_amr,10,2000,797.9,14.9,3.35,97.0,18.06,100.0,-0.4,1.21,2.44,100.0,13.06,19.08,39.78,991.2
100,lpt,earliest_available,10,2000,797.9,6.9,6.28,97.0,18.06,100.0,0.56,1.25,4.16,100.0,1.28,2.9,5.18,591.3
100,lpt,earliest_completion,10,2000,797.9,6.2,2.18,97.0,18.06,100.0,0.08,1.19,3.23,100.0,-0.89,3.63,7.25,599.0
100,lpt,least_loaded,10,2000,797.9,7.0,6.25,97.0,18.06,100.0,0.02,0.99,1.99,100.0,1.45,3.34,5.36,594.7
100,lpt,nearest_amr,10,2000,797.9,15.1,3.25,97.0,18.06,100.0,0.25,3.61,15.96,100.0,0.65,12.03,25.88,956.9
100,milk_run,earliest_available,10,2000,783.0,6.5,6.05,34.6,2.84,100.0,2.33,4.75,11.9,100.0,-1.32,4.2,10.26,502.4
100,milk_run,earliest_completion,10,2000,783.1,3.8,2.24,34.6,2.84,100.0,-1.01,5.12,13.62,100.0,-0.57,6.35,12.41,515.1
100,milk_run,least_loaded,10,2000,783.0,6.5,6.05,34.7,2.83,100.0,0.96,4.6,18.8,100.0,-1.17,3.6,8.67,506.3
100,milk_run,nearest_amr,10,2000,783.1,3.8,2.24,34.6,2.84,100.0,-1.01,5.12,13.62,100.0,-0.57,6.35,12.41,515.1
100,material_match,earliest_available,10,2000,797.9,5.0,3.72,26.6,2.96,100.0,-0.14,1.82,5.24,100.0,1.2,2.35,5.57,545.0
100,material_match,earliest_completion,10,2000,797.9,3.0,2.02,27.0,2.99,100.0,-0.1,2.11,3.89,100.0,1.23,2.39,4.31,543.1
100,material_match,least_loaded,10,2000,797.9,5.0,3.72,26.6,2.96,100.0,-0.14,1.82,5.24,100.0,1.2,2.35,5.57,545.0
100,material_match,nearest_amr,10,2000,797.9,3.0,2.02,27.0,2.99,100.0,-0.1,2.11,3.89,100.0,1.23,2.39,4.31,543.1
100,earliest_completion_job,earliest_available,10,2000,797.9,5.0,3.72,31.7,2.97,100.0,0.35,1.73,3.63,100.0,1.13,2.39,3.67,542.2
100,earliest_completion_job,earliest_completion,10,2000,797.9,2.9,2.02,32.5,3.0,100.0,0.42,2.22,3.89,100.0,1.21,2.37,4.31,543.2
100,earliest_completion_job,least_loaded,10,2000,797.9,5.0,3.72,31.7,2.97,100.0,0.35,1.73,3.63,100.0,1.13,2.39,3.67,542.2
100,earliest_completion_job,nearest_amr,10,2000,797.9,2.9,2.02,32.5,3.0,100.0,0.42,2.22,3.89,100.0,1.21,2.37,4.31,543.2
