n_jobs,family,method,mode,instances,unroutable,makespan_mean,makespan_ci95,makespan_median,makespan_min,makespan_max,ideal_mean,gap_abs_mean,gap_pct_mean,omega_q,omega_r,solve_s,select_s,compute_s,eval_s,timing_instances
20,ga,GA,single,100,0,153.95,2.84,150.5,132.0,200.0,138.44,15.51,11.66,0.1986,0.0669,15.7253,0.0,15.7253,0.0279,3
20,policy,v10_A_s44,best8,100,0,192.7,3.6,190.0,155.0,248.0,152.9,39.8,27.12,0.4337,0.0925,0.8189,0.2312,1.0502,0.0283,3
20,policy,v10_A_s44,greedy,100,0,196.86,4.51,192.0,153.0,262.0,157.14,39.72,25.85,0.4721,0.0798,0.0981,0.0,0.0981,0.0322,5
20,policy,v10_A_s44_bestideal,best8,100,0,195.35,3.74,194.5,155.0,260.0,128.44,66.91,53.33,0.5876,0.1083,0.8212,0.2129,1.0341,0.0345,3
20,policy,v10_A_s44_bestideal,greedy,100,0,214.23,5.0,210.0,166.0,295.0,126.78,87.45,70.3,0.6898,0.1056,0.1022,0.0,0.1022,0.0236,5
20,policy,v10_B_s44,best8,100,0,222.72,4.2,221.5,172.0,295.0,144.92,77.8,54.0,0.5067,0.1282,0.8271,0.1372,0.9643,0.0138,3
20,policy,v10_B_s44,greedy,100,0,236.08,5.08,232.0,164.0,293.0,143.72,92.36,64.65,0.5897,0.122,0.0979,0.0,0.0979,0.0143,5
20,policy,v10_B_s44_bestideal,best8,100,0,222.72,4.2,221.5,172.0,295.0,144.92,77.8,54.0,0.5067,0.1282,0.8434,0.1269,0.9703,0.014,3
20,policy,v10_B_s44_bestideal,greedy,100,0,236.08,5.08,232.0,164.0,293.0,143.72,92.36,64.65,0.5897,0.122,0.0983,0.0,0.0983,0.0142,5
20,policy,v10_C_s44,best8,100,0,160.18,2.96,155.5,137.0,203.0,140.38,19.8,14.31,0.274,0.0745,0.8443,0.2521,1.0963,0.0299,3
20,policy,v10_C_s44,greedy,100,0,167.96,3.18,165.5,141.0,215.0,141.68,26.28,18.76,0.2829,0.0738,0.0988,0.0,0.0988,0.0293,5
20,policy,v9_mix_s42,best8,100,0,167.13,2.98,165.0,139.0,226.0,144.48,22.65,15.92,0.2492,0.0827,0.8324,0.2522,1.0847,0.029,3
20,policy,v9_mix_s42,greedy,100,0,180.2,3.45,174.5,152.0,235.0,147.9,32.3,22.28,0.267,0.0888,0.0986,0.0,0.0986,0.0288,5
20,policy,v9_mix_s43,best8,100,0,172.67,3.49,168.0,143.0,233.0,108.66,64.01,59.33,0.3633,0.1124,0.8183,0.1939,1.0121,0.0251,3
20,policy,v9_mix_s43,greedy,100,2,183.19,4.21,179.5,147.0,244.0,110.9,72.3,65.78,0.3817,0.1176,0.1018,0.0,0.1018,0.0249,5
20,policy,v9_mix_s44,best8,100,0,170.66,2.98,169.0,145.0,227.0,140.18,30.48,22.58,0.2133,0.0895,0.8326,0.2443,1.0769,0.0314,3
20,policy,v9_mix_s44,greedy,100,0,181.84,3.65,178.0,147.0,233.0,141.16,40.68,29.83,0.2363,0.0948,0.1028,0.0,0.1028,0.0279,5
20,policy,v9_only60_s42,best8,100,0,160.32,2.82,156.5,138.0,208.0,131.32,29.0,24.29,0.2979,0.0862,0.8169,0.2244,1.0413,0.0253,3
20,policy,v9_only60_s42,greedy,100,0,166.22,3.21,165.0,133.0,212.0,127.96,38.26,32.54,0.3128,0.0739,0.0975,0.0,0.0975,0.0245,5
20,policy,v9_only60_s43,best8,100,0,161.02,2.87,159.0,137.0,213.0,137.58,23.44,17.65,0.2678,0.0842,0.8281,0.2378,1.0659,0.0296,3
20,policy,v9_only60_s43,greedy,100,0,171.71,3.38,171.5,139.0,220.0,140.22,31.49,23.34,0.2766,0.083,0.0985,0.0,0.0985,0.0327,5
20,policy,v9_only60_s44,best8,100,0,161.14,2.93,157.0,136.0,210.0,130.92,30.22,25.21,0.3051,0.0885,0.8249,0.225,1.0499,0.0274,3
20,policy,v9_only60_s44,greedy,100,0,168.49,3.65,164.0,135.0,215.0,129.44,39.05,32.17,0.3156,0.0872,0.0976,0.0,0.0976,0.0256,5
20,rule,earliest_completion_job+earliest_available,single,100,0,166.43,2.78,162.5,146.0,229.0,151.62,14.81,9.79,0.0935,0.0581,0.0251,0.0,0.0251,0.0418,3
20,rule,earliest_completion_job+earliest_completion,single,100,0,166.32,2.82,163.0,148.0,225.0,150.5,15.82,10.51,0.1055,0.0558,0.0268,0.0,0.0268,0.0304,3
20,rule,earliest_completion_job+least_loaded,single,100,0,166.43,2.78,162.5,146.0,229.0,151.62,14.81,9.79,0.0935,0.0581,0.0255,0.0,0.0255,0.0331,3
20,rule,earliest_completion_job+material_match,single,100,0,166.2,2.83,162.0,146.0,229.0,151.48,14.72,9.73,0.0901,0.058,0.025,0.0,0.025,0.0333,3
20,rule,earliest_completion_job+nearest_amr,single,100,0,166.32,2.82,163.0,148.0,225.0,150.5,15.82,10.51,0.1055,0.0558,0.0251,0.0,0.0251,0.0306,3
20,rule,earliest_completion_job+random,single,100,0,166.56,2.88,164.0,145.0,229.0,151.98,14.58,9.6,0.0925,0.0582,0.0252,0.0,0.0252,0.0327,3
20,rule,fifo+earliest_available,single,100,0,175.55,3.47,173.0,144.0,229.0,156.08,19.47,12.65,0.2804,0.0664,0.0254,0.0,0.0254,0.038,3
20,rule,fifo+earliest_completion,single,100,0,176.29,4.01,171.0,142.0,239.0,154.44,21.85,14.16,0.2813,0.0591,0.0258,0.0,0.0258,0.034,3
20,rule,fifo+least_loaded,single,100,0,175.55,3.47,173.0,144.0,229.0,156.08,19.47,12.65,0.2804,0.0664,0.0255,0.0,0.0255,0.0399,3
20,rule,fifo+material_match,single,100,0,177.28,4.08,174.0,144.0,231.0,157.66,19.62,12.48,0.2415,0.0666,0.0265,0.0,0.0265,0.0338,3
20,rule,fifo+nearest_amr,single,100,0,184.11,4.84,179.5,142.0,275.0,156.92,27.19,17.61,0.3109,0.0574,0.0264,0.0,0.0264,0.0329,3
20,rule,fifo+random,single,100,0,383.95,13.47,371.5,259.0,616.0,279.7,104.25,41.03,0.6496,0.0544,0.0255,0.0,0.0255,0.0302,3
20,rule,least_congested_station+earliest_available,single,100,0,196.87,3.87,193.5,160.0,273.0,154.88,41.99,27.49,0.2894,0.0717,0.0249,0.0,0.0249,0.0315,3
20,rule,least_congested_station+earliest_completion,single,100,0,204.38,4.75,200.5,161.0,273.0,161.08,43.3,27.23,0.2798,0.0633,0.0253,0.0,0.0253,0.031,3
20,rule,least_congested_station+least_loaded,single,100,0,196.87,3.87,193.5,160.0,273.0,154.88,41.99,27.49,0.2894,0.0717,0.0254,0.0,0.0254,0.0311,3
20,rule,least_congested_station+material_match,single,100,0,204.98,5.01,199.0,157.0,284.0,165.84,39.14,23.68,0.2168,0.0653,0.0251,0.0,0.0251,0.0305,3
20,rule,least_congested_station+nearest_amr,single,100,0,209.74,4.14,211.0,167.0,280.0,159.26,50.48,32.59,0.3096,0.0612,0.0249,0.0,0.0249,0.0395,3
20,rule,least_congested_station+random,single,100,0,415.91,15.83,416.0,266.0,615.0,265.58,150.33,60.28,0.874,0.0627,0.0251,0.0,0.0251,0.0308,3
20,rule,lpt+earliest_available,single,100,0,171.45,3.65,165.0,145.0,232.0,151.56,19.89,13.35,0.3561,0.0717,0.0252,0.0,0.0252,0.0327,3
20,rule,lpt+earliest_completion,single,100,0,171.06,3.72,165.5,142.0,234.0,151.28,19.78,13.07,0.3627,0.0579,0.0251,0.0,0.0251,0.0399,3
20,rule,lpt+least_loaded,single,100,0,171.45,3.65,165.0,145.0,232.0,151.56,19.89,13.35,0.3561,0.0717,0.0252,0.0,0.0252,0.032,3
20,rule,lpt+material_match,single,100,0,172.85,3.92,166.0,144.0,236.0,154.1,18.75,12.11,0.3135,0.0675,0.0252,0.0,0.0252,0.0306,3
20,rule,lpt+nearest_amr,single,100,0,183.6,4.27,178.0,146.0,260.0,150.26,33.34,22.78,0.3965,0.059,0.0251,0.0,0.0251,0.029,3
20,rule,lpt+random,single,100,0,393.96,16.41,377.0,263.0,633.0,275.98,117.98,45.98,0.7255,0.0555,0.0255,0.0,0.0255,0.0288,3
20,rule,material_match+earliest_available,single,100,0,166.55,2.77,163.0,146.0,229.0,151.7,14.85,9.81,0.0931,0.0578,0.0251,0.0,0.0251,0.0419,3
20,rule,material_match+earliest_completion,single,100,0,166.37,2.85,163.0,148.0,225.0,150.6,15.77,10.47,0.1057,0.0556,0.0251,0.0,0.0251,0.0306,3
20,rule,material_match+least_loaded,single,100,0,166.55,2.77,163.0,146.0,229.0,151.7,14.85,9.81,0.0931,0.0578,0.0254,0.0,0.0254,0.0334,3
20,rule,material_match+material_match,single,100,0,166.22,2.82,162.5,146.0,229.0,151.46,14.76,9.76,0.0898,0.0578,0.025,0.0,0.025,0.0329,3
20,rule,material_match+nearest_amr,single,100,0,166.37,2.85,163.0,148.0,225.0,150.6,15.77,10.47,0.1057,0.0556,0.0251,0.0,0.0251,0.0308,3
20,rule,material_match+random,single,100,0,166.79,2.9,164.0,145.0,229.0,151.98,14.81,9.76,0.0939,0.0583,0.0253,0.0,0.0253,0.0327,3
20,rule,milk_run+earliest_available,single,100,0,187.38,4.64,183.0,143.0,237.0,154.12,33.26,23.44,0.2312,0.0575,0.0407,0.0,0.0407,0.0176,3
20,rule,milk_run+earliest_completion,single,100,0,186.38,4.72,185.5,145.0,235.0,152.16,34.22,24.65,0.2579,0.0536,0.0323,0.0,0.0323,0.0174,3
20,rule,milk_run+least_loaded,single,100,0,187.06,4.62,182.0,143.0,237.0,153.24,33.82,23.85,0.2305,0.0574,0.0326,0.0,0.0326,0.0175,3
20,rule,milk_run+material_match,single,100,0,187.08,4.65,183.0,143.0,238.0,154.14,32.94,23.29,0.2262,0.0573,0.0322,0.0,0.0322,0.0176,3
20,rule,milk_run+nearest_amr,single,100,0,186.38,4.72,185.5,145.0,235.0,152.16,34.22,24.65,0.2579,0.0536,0.0322,0.0,0.0322,0.0173,3
20,rule,milk_run+random,single,100,0,185.59,4.88,180.0,146.0,261.0,154.62,30.97,22.04,0.2274,0.0605,0.0324,0.0,0.0324,0.0173,3
20,rule,most_congested_station+earliest_available,single,100,0,167.14,2.86,165.0,144.0,214.0,151.9,15.24,10.22,0.3461,0.0699,0.0339,0.0,0.0339,0.0317,3
20,rule,most_congested_station+earliest_completion,single,100,0,167.04,3.17,162.5,145.0,220.0,150.06,16.98,11.3,0.3631,0.0581,0.0256,0.0,0.0256,0.029,3
20,rule,most_congested_station+least_loaded,single,100,0,167.14,2.86,165.0,144.0,214.0,151.9,15.24,10.22,0.3461,0.0699,0.0255,0.0,0.0255,0.0313,3
20,rule,most_congested_station+material_match,single,100,0,167.04,3.26,163.0,141.0,225.0,152.12,14.92,9.78,0.3219,0.0688,0.0253,0.0,0.0253,0.0294,3
20,rule,most_congested_station+nearest_amr,single,100,0,183.33,5.3,174.0,146.0,296.0,152.84,30.49,20.15,0.3865,0.0581,0.0255,0.0,0.0255,0.0271,3
20,rule,most_congested_station+random,single,100,0,376.12,12.68,373.0,265.0,556.0,266.8,109.32,43.97,0.6644,0.0568,0.0256,0.0,0.0256,0.0285,3
20,rule,nearest_station+earliest_available,single,100,0,274.82,8.51,270.0,196.0,407.0,208.02,66.8,35.14,0.6917,0.0954,0.0142,0.0,0.0142,0.0181,3
20,rule,nearest_station+earliest_completion,single,100,0,276.15,8.26,274.0,180.0,419.0,210.48,65.67,34.03,0.6583,0.0976,0.0145,0.0,0.0145,0.0201,3
20,rule,nearest_station+least_loaded,single,100,0,282.42,9.28,281.5,198.0,407.0,213.6,68.82,35.21,0.7031,0.0928,0.0145,0.0,0.0145,0.0183,3
20,rule,nearest_station+material_match,single,100,0,278.92,8.47,274.0,194.0,419.0,209.02,69.9,35.61,0.6915,0.0963,0.0144,0.0,0.0144,0.0194,3
20,rule,nearest_station+nearest_amr,single,100,0,276.15,8.26,274.0,180.0,419.0,210.48,65.67,34.03,0.6583,0.0976,0.0143,0.0,0.0143,0.02,3
20,rule,nearest_station+random,single,100,0,284.04,9.72,279.0,195.0,426.0,211.34,72.7,36.16,0.7326,0.0953,0.0146,0.0,0.0146,0.0188,3
20,rule,random+earliest_available,single,100,0,246.26,6.83,239.0,179.0,361.0,153.36,92.9,62.88,0.7457,0.1329,0.0141,0.0,0.0141,0.0239,3
20,rule,random+earliest_completion,single,100,0,246.26,6.83,239.0,179.0,361.0,153.36,92.9,62.88,0.7457,0.1329,0.0142,0.0,0.0142,0.0236,3
20,rule,random+least_loaded,single,100,0,246.26,6.83,239.0,179.0,361.0,153.36,92.9,62.88,0.7457,0.1329,0.0142,0.0,0.0142,0.0239,3
20,rule,random+material_match,single,100,0,246.26,6.83,239.0,179.0,361.0,153.36,92.9,62.88,0.7457,0.1329,0.0141,0.0,0.0141,0.0238,3
20,rule,random+nearest_amr,single,100,0,246.26,6.83,239.0,179.0,361.0,153.36,92.9,62.88,0.7457,0.1329,0.0141,0.0,0.0141,0.0236,3
20,rule,random+random,single,100,0,250.87,7.35,247.5,185.0,365.0,161.96,88.91,57.63,0.7318,0.1218,0.0144,0.0,0.0144,0.0342,3
20,rule,spt+earliest_available,single,100,0,176.13,2.93,172.0,152.0,215.0,152.68,23.45,15.45,0.179,0.0635,0.0253,0.0,0.0253,0.0329,3
20,rule,spt+earliest_completion,single,100,0,174.29,2.93,171.5,149.0,219.0,150.94,23.35,15.45,0.1825,0.0606,0.0251,0.0,0.0251,0.0293,3
20,rule,spt+least_loaded,single,100,0,176.13,2.93,172.0,152.0,215.0,152.68,23.45,15.45,0.179,0.0635,0.0253,0.0,0.0253,0.0411,3
20,rule,spt+material_match,single,100,0,176.31,3.11,174.0,152.0,218.0,154.14,22.17,14.43,0.1542,0.0647,0.0255,0.0,0.0255,0.0304,3
20,rule,spt+nearest_amr,single,100,0,188.16,5.04,180.5,154.0,283.0,158.9,29.26,18.76,0.2056,0.0562,0.0252,0.0,0.0252,0.0275,3
20,rule,spt+random,single,100,0,341.43,13.51,338.0,237.0,582.0,261.08,80.35,33.25,0.5693,0.0555,0.0255,0.0,0.0255,0.031,3
40,ga,GA,single,100,0,246.34,3.0,243.5,222.0,316.0,220.62,25.72,11.7,0.1279,0.0569,37.2103,0.0,37.2103,0.0514,3
40,policy,v10_A_s44,best8,100,0,378.69,6.05,376.5,308.0,459.0,204.24,174.45,86.23,0.9383,0.1692,2.7802,0.3412,3.1214,0.0436,3
40,policy,v10_A_s44,greedy,100,0,399.42,7.9,408.0,305.0,490.0,198.62,200.8,102.13,0.996,0.1726,0.333,0.0,0.333,0.0375,5
40,policy,v10_A_s44_bestideal,best8,100,0,377.88,7.18,375.0,289.0,492.0,175.8,202.08,118.56,1.2559,0.2776,2.7779,0.3378,3.1157,0.0344,3
40,policy,v10_A_s44_bestideal,greedy,100,1,394.02,8.24,390.0,311.0,500.0,174.61,219.41,129.82,1.3555,0.281,0.3317,0.0,0.3317,0.0348,5
40,policy,v10_B_s44,best8,100,0,325.48,4.39,324.0,277.0,386.0,164.36,161.12,102.08,1.0739,0.2023,2.8312,0.2732,3.1044,0.0317,3
40,policy,v10_B_s44,greedy,100,0,330.29,6.4,325.5,261.0,415.0,159.26,171.03,110.98,1.0899,0.1898,0.3378,0.0,0.3378,0.0308,5
40,policy,v10_B_s44_bestideal,best8,100,0,325.48,4.39,324.0,277.0,386.0,164.36,161.12,102.08,1.0739,0.2023,2.8485,0.2728,3.1212,0.0318,3
40,policy,v10_B_s44_bestideal,greedy,100,0,330.29,6.4,325.5,261.0,415.0,159.26,171.03,110.98,1.0899,0.1898,0.3366,0.0,0.3366,0.0308,5
40,policy,v10_C_s44,best8,100,0,246.58,2.57,244.5,226.0,311.0,218.34,28.24,12.99,0.1999,0.0671,2.8468,0.4265,3.2733,0.0474,3
40,policy,v10_C_s44,greedy,100,0,260.66,3.25,258.0,227.0,315.0,218.7,41.96,19.29,0.2295,0.0702,0.3462,0.0,0.3462,0.0524,5
40,policy,v9_mix_s42,best8,100,0,266.36,3.79,264.0,234.0,351.0,203.88,62.48,31.27,0.3255,0.1347,2.7821,0.355,3.1372,0.0511,3
40,policy,v9_mix_s42,greedy,100,1,286.85,4.6,283.0,250.0,367.0,203.29,83.56,41.78,0.3567,0.1433,0.338,0.0,0.338,0.0449,5
40,policy,v9_mix_s43,best8,100,0,288.97,4.57,286.0,241.0,375.0,168.84,120.13,73.98,0.6374,0.2655,2.7777,0.3056,3.0833,0.0369,3
40,policy,v9_mix_s43,greedy,100,0,306.77,5.6,303.0,252.0,413.0,171.9,134.87,82.25,0.6666,0.2791,0.3321,0.0,0.3321,0.0348,5
40,policy,v9_mix_s44,best8,100,0,264.82,3.75,261.0,235.0,351.0,195.04,69.78,36.52,0.3493,0.1668,2.7991,0.3264,3.1254,0.0366,3
40,policy,v9_mix_s44,greedy,100,2,284.21,4.38,283.0,244.0,354.0,197.71,86.5,44.55,0.3855,0.1757,0.333,0.0,0.333,0.0456,5
40,policy,v9_only60_s42,best8,100,0,243.15,3.23,240.0,214.0,318.0,199.38,43.77,22.37,0.2741,0.1039,2.8412,0.3435,3.1847,0.0414,3
40,policy,v9_only60_s42,greedy,100,0,254.48,4.0,252.0,221.0,325.0,198.82,55.66,28.53,0.299,0.103,0.3381,0.0,0.3381,0.0425,5
40,policy,v9_only60_s43,best8,100,0,243.12,3.04,240.0,220.0,316.0,211.46,31.66,15.25,0.205,0.0837,2.8438,0.3976,3.2414,0.0478,3
40,policy,v9_only60_s43,greedy,100,0,257.57,3.83,252.5,224.0,323.0,217.46,40.11,18.74,0.2082,0.0828,0.3481,0.0,0.3481,0.0482,5
40,policy,v9_only60_s44,best8,100,0,242.15,3.08,240.0,208.0,316.0,202.12,40.03,20.29,0.244,0.0914,2.8191,0.3847,3.2038,0.0438,3
40,policy,v9_only60_s44,greedy,100,0,254.09,4.18,251.5,216.0,320.0,203.8,50.29,25.3,0.2619,0.092,0.3373,0.0,0.3373,0.0478,5
40,rule,earliest_completion_job+earliest_available,single,100,0,258.12,3.91,253.5,229.0,333.0,229.28,28.84,12.51,0.0567,0.0525,0.1109,0.0,0.1109,0.065,3
40,rule,earliest_completion_job+earliest_completion,single,100,1,258.38,3.78,254.0,230.0,326.0,227.13,31.25,13.73,0.0643,0.0538,0.1022,0.0,0.1022,0.065,3
40,rule,earliest_completion_job+least_loaded,single,100,0,258.12,3.91,253.5,229.0,333.0,229.28,28.84,12.51,0.0567,0.0525,0.1023,0.0,0.1023,0.0655,3
40,rule,earliest_completion_job+material_match,single,100,0,257.74,3.68,254.5,229.0,332.0,229.56,28.18,12.26,0.0552,0.0525,0.1107,0.0,0.1107,0.0632,3
40,rule,earliest_completion_job+nearest_amr,single,100,1,258.38,3.78,254.0,230.0,326.0,227.13,31.25,13.73,0.0643,0.0538,0.1013,0.0,0.1013,0.0566,3
40,rule,earliest_completion_job+random,single,100,0,257.9,3.69,254.5,224.0,323.0,228.4,29.5,12.87,0.0557,0.0523,0.113,0.0,0.113,0.058,3
40,rule,fifo+earliest_available,single,100,0,279.25,3.48,277.0,247.0,336.0,240.4,38.85,16.3,0.2228,0.0584,0.0998,0.0,0.0998,0.0642,3
40,rule,fifo+earliest_completion,single,100,0,280.86,4.59,276.5,238.0,351.0,237.34,43.52,18.45,0.258,0.059,0.1,0.0,0.1,0.0654,3
40,rule,fifo+least_loaded,single,100,0,280.39,3.68,278.0,247.0,341.0,240.14,40.25,16.87,0.2278,0.0586,0.1012,0.0,0.1012,0.064,3
40,rule,fifo+material_match,single,100,0,282.09,4.47,276.0,244.0,366.0,241.1,40.99,17.07,0.2337,0.061,0.0998,0.0,0.0998,0.0576,3
40,rule,fifo+nearest_amr,single,100,0,360.7,10.1,345.0,277.0,534.0,297.52,63.18,21.79,0.3699,0.0604,0.1095,0.0,0.1095,0.0474,3
40,rule,fifo+random,single,100,0,646.14,18.39,649.5,443.0,921.0,416.94,229.2,59.11,1.2158,0.0553,0.1105,0.0,0.1105,0.0578,3
40,rule,least_congested_station+earliest_available,single,100,0,357.29,4.15,356.0,310.0,423.0,241.42,115.87,48.21,0.3688,0.0814,0.1098,0.0,0.1098,0.0636,3
40,rule,least_congested_station+earliest_completion,single,100,0,397.57,7.45,392.5,328.0,527.0,299.28,98.29,33.29,0.4258,0.0705,0.1016,0.0,0.1016,0.0587,3
40,rule,least_congested_station+least_loaded,single,100,0,363.77,4.55,363.5,318.0,423.0,239.94,123.83,51.84,0.3911,0.0822,0.1015,0.0,0.1015,0.073,3
40,rule,least_congested_station+material_match,single,100,0,398.12,7.42,393.0,333.0,510.0,317.38,80.74,25.7,0.309,0.0678,0.1008,0.0,0.1008,0.0685,3
40,rule,least_congested_station+nearest_amr,single,100,0,440.25,10.87,436.5,336.0,583.0,313.24,127.01,41.63,0.5982,0.0758,0.1009,0.0,0.1009,0.0535,3
40,rule,least_congested_station+random,single,100,0,815.96,18.2,811.5,570.0,1031.0,414.34,401.62,101.47,1.7528,0.0721,0.1016,0.0,0.1016,0.0612,3
40,rule,lpt+earliest_available,single,100,0,275.22,3.55,271.0,246.0,339.0,235.18,40.04,17.11,0.2572,0.0573,0.1103,0.0,0.1103,0.0674,3
40,rule,lpt+earliest_completion,single,100,1,275.82,4.75,269.0,238.0,350.0,231.05,44.77,19.53,0.3078,0.0554,0.1021,0.0,0.1021,0.057,3
40,rule,lpt+least_loaded,single,100,0,277.77,3.9,273.0,246.0,340.0,233.06,44.71,19.25,0.2667,0.0578,0.111,0.0,0.111,0.0639,3
40,rule,lpt+material_match,single,100,0,277.56,4.86,273.0,235.0,359.0,237.96,39.6,16.71,0.2831,0.06,0.1114,0.0,0.1114,0.0613,3
40,rule,lpt+nearest_amr,single,100,0,345.37,9.64,338.0,257.0,481.0,276.04,69.33,25.72,0.3942,0.0587,0.1013,0.0,0.1013,0.0471,3
40,rule,lpt+random,single,100,0,640.95,16.41,631.5,439.0,920.0,401.92,239.03,62.04,1.3373,0.0562,0.1031,0.0,0.1031,0.0572,3
40,rule,material_match+earliest_available,single,100,0,257.96,3.88,253.5,229.0,333.0,229.12,28.84,12.52,0.0566,0.0524,0.1023,0.0,0.1023,0.0653,3
40,rule,material_match+earliest_completion,single,100,1,258.24,3.73,254.0,230.0,326.0,226.89,31.35,13.79,0.0642,0.0537,0.1107,0.0,0.1107,0.0571,3
40,rule,material_match+least_loaded,single,100,0,257.96,3.88,253.5,229.0,333.0,229.12,28.84,12.52,0.0566,0.0524,0.1023,0.0,0.1023,0.0649,3
40,rule,material_match+material_match,single,100,0,257.95,3.68,254.5,229.0,332.0,229.82,28.13,12.23,0.055,0.0525,0.1028,0.0,0.1028,0.0634,3
40,rule,material_match+nearest_amr,single,100,1,258.24,3.73,254.0,230.0,326.0,226.89,31.35,13.79,0.0642,0.0537,0.1018,0.0,0.1018,0.0658,3
40,rule,material_match+random,single,100,0,257.75,3.68,254.0,224.0,323.0,228.26,29.49,12.88,0.0559,0.0524,0.1122,0.0,0.1122,0.0581,3
40,rule,milk_run+earliest_available,single,100,0,271.51,6.77,267.0,202.0,397.0,218.44,53.07,24.64,0.3433,0.061,0.1335,0.0,0.1335,0.0332,3
40,rule,milk_run+earliest_completion,single,100,0,272.33,6.06,267.5,201.0,361.0,217.72,54.61,25.5,0.3762,0.0561,0.1336,0.0,0.1336,0.044,3
40,rule,milk_run+least_loaded,single,100,0,271.04,6.73,264.0,202.0,401.0,216.2,54.84,25.76,0.3397,0.0608,0.1339,0.0,0.1339,0.034,3
40,rule,milk_run+material_match,single,100,0,271.83,6.84,265.5,202.0,401.0,223.62,48.21,21.77,0.2754,0.0583,0.133,0.0,0.133,0.0335,3
40,rule,milk_run+nearest_amr,single,100,0,272.33,6.06,267.5,201.0,361.0,217.72,54.61,25.5,0.3762,0.0561,0.1428,0.0,0.1428,0.0352,3
40,rule,milk_run+random,single,100,0,270.82,6.29,265.0,205.0,374.0,220.9,49.92,22.93,0.31,0.0599,0.1347,0.0,0.1347,0.0342,3
40,rule,most_congested_station+earliest_available,single,100,0,270.84,3.37,267.0,242.0,325.0,235.96,34.88,14.89,0.2361,0.0544,0.1029,0.0,0.1029,0.0585,3
40,rule,most_congested_station+earliest_completion,single,100,0,267.0,4.12,264.0,237.0,342.0,230.16,36.84,16.09,0.2727,0.0521,0.1027,0.0,0.1027,0.0547,3
40,rule,most_congested_station+least_loaded,single,100,0,272.28,3.61,268.0,241.0,331.0,234.88,37.4,15.97,0.2408,0.0546,0.1029,0.0,0.1029,0.0606,3
40,rule,most_congested_station+material_match,single,100,0,269.2,4.28,266.5,238.0,345.0,233.72,35.48,15.26,0.254,0.0571,0.102,0.0,0.102,0.0673,3
40,rule,most_congested_station+nearest_amr,single,100,0,359.33,12.37,345.5,272.0,566.0,290.4,68.93,24.22,0.3793,0.0566,0.1111,0.0,0.1111,0.0495,3
40,rule,most_congested_station+random,single,100,1,624.53,17.35,610.0,446.0,892.0,421.29,203.23,50.43,1.2318,0.0547,0.1127,0.0,0.1127,0.056,3
40,rule,nearest_station+earliest_available,single,100,0,578.29,24.94,565.0,344.0,979.0,358.1,220.19,67.65,1.9317,0.1087,0.0624,0.0,0.0624,0.0299,3
40,rule,nearest_station+earliest_completion,single,100,0,595.13,23.35,571.5,345.0,935.0,360.62,234.51,70.32,2.0209,0.1071,0.0531,0.0,0.0531,0.0298,3
40,rule,nearest_station+least_loaded,single,100,0,575.15,23.71,557.0,344.0,979.0,348.42,226.73,71.44,1.9583,0.1109,0.0629,0.0,0.0629,0.0298,3
40,rule,nearest_station+material_match,single,100,0,602.21,25.44,574.0,374.0,1075.0,368.1,234.11,70.13,2.007,0.1076,0.0531,0.0,0.0531,0.0296,3
40,rule,nearest_station+nearest_amr,single,100,0,595.13,23.35,571.5,345.0,935.0,360.62,234.51,70.32,2.0209,0.1071,0.0529,0.0,0.0529,0.0299,3
40,rule,nearest_station+random,single,100,0,593.22,24.8,558.0,389.0,992.0,349.28,243.94,77.03,2.0086,0.1109,0.053,0.0,0.053,0.0303,3
40,rule,random+earliest_available,single,100,0,435.06,11.05,422.5,319.0,575.0,237.72,197.34,85.78,1.382,0.1969,0.0519,0.0,0.0519,0.053,3
40,rule,random+earliest_completion,single,100,0,435.06,11.05,422.5,319.0,575.0,237.72,197.34,85.78,1.382,0.1969,0.0519,0.0,0.0519,0.0439,3
40,rule,random+least_loaded,single,100,0,435.06,11.05,422.5,319.0,575.0,237.72,197.34,85.78,1.382,0.1969,0.0613,0.0,0.0613,0.0437,3
40,rule,random+material_match,single,100,0,435.06,11.05,422.5,319.0,575.0,237.72,197.34,85.78,1.382,0.1969,0.0522,0.0,0.0522,0.0437,3
40,rule,random+nearest_amr,single,100,0,435.06,11.05,422.5,319.0,575.0,237.72,197.34,85.78,1.382,0.1969,0.0519,0.0,0.0519,0.0436,3
40,rule,random+random,single,100,0,429.8,11.94,416.5,340.0,648.0,241.36,188.44,81.23,1.3436,0.1915,0.0532,0.0,0.0532,0.0431,3
40,rule,spt+earliest_available,single,100,0,281.38,3.68,279.0,252.0,360.0,234.68,46.7,20.04,0.1674,0.0583,0.1011,0.0,0.1011,0.0604,3
40,rule,spt+earliest_completion,single,100,0,281.34,4.24,281.0,241.0,351.0,231.16,50.18,21.85,0.1713,0.0615,0.1089,0.0,0.1089,0.0608,3
40,rule,spt+least_loaded,single,100,0,281.56,3.67,279.0,252.0,360.0,234.6,46.96,20.17,0.1683,0.0584,0.1024,0.0,0.1024,0.0599,3
40,rule,spt+material_match,single,100,0,280.41,4.15,277.5,246.0,352.0,235.58,44.83,19.11,0.152,0.0604,0.1008,0.0,0.1008,0.0588,3
40,rule,spt+nearest_amr,single,100,0,366.88,12.55,348.0,280.0,668.0,298.7,68.18,22.89,0.2848,0.0597,0.1098,0.0,0.1098,0.0503,3
40,rule,spt+random,single,100,0,643.13,16.96,636.0,474.0,872.0,412.72,230.41,59.46,1.0867,0.0542,0.1116,0.0,0.1116,0.0598,3
60,ga,GA,single,100,0,338.68,2.98,336.5,309.0,389.0,297.8,40.88,13.76,0.0868,0.0522,65.85,0.0,65.85,0.0783,3
60,policy,v10_A_s44,best8,100,0,603.03,7.03,603.0,511.0,703.0,262.2,340.83,131.62,1.3264,0.2298,5.9817,0.4163,6.3979,0.055,3
60,policy,v10_A_s44,greedy,100,3,671.57,13.54,672.0,525.0,830.0,250.99,420.58,169.04,1.532,0.23,0.7259,0.0,0.7259,0.0523,5
60,policy,v10_A_s44_bestideal,best8,100,0,546.78,6.86,543.0,473.0,643.0,253.1,293.68,117.6,1.3128,0.2788,6.0154,0.5008,6.5162,0.0531,3
60,policy,v10_A_s44_bestideal,greedy,100,1,584.01,8.71,582.0,463.0,704.0,241.76,342.25,142.59,1.4686,0.2889,0.7234,0.0,0.7234,0.0607,5
60,policy,v10_B_s44,best8,100,0,419.62,4.74,417.5,354.0,471.0,226.36,193.26,86.1,0.844,0.1834,6.2203,0.4475,6.6678,0.05,3
60,policy,v10_B_s44,greedy,100,1,407.47,7.18,408.0,338.0,509.0,219.52,187.96,86.15,0.7903,0.1784,0.7333,0.0,0.7333,0.0574,5
60,policy,v10_B_s44_bestideal,best8,100,0,419.62,4.74,417.5,354.0,471.0,226.36,193.26,86.1,0.844,0.1834,6.1081,0.4567,6.5648,0.0503,3
60,policy,v10_B_s44_bestideal,greedy,100,1,407.47,7.18,408.0,338.0,509.0,219.52,187.96,86.15,0.7903,0.1784,0.7376,0.0,0.7376,0.0515,5
60,policy,v10_C_s44,best8,100,0,338.48,2.11,338.0,309.0,377.0,295.0,43.48,14.83,0.1712,0.0626,6.0656,0.6367,6.7023,0.075,3
60,policy,v10_C_s44,greedy,100,0,353.26,3.83,349.0,318.0,441.0,296.86,56.4,19.1,0.2049,0.0687,0.756,0.0,0.756,0.0769,5
60,policy,v9_mix_s42,best8,100,0,365.08,3.52,364.0,324.0,413.0,273.28,91.8,33.98,0.3467,0.1456,6.0139,0.5135,6.5274,0.0722,3
60,policy,v9_mix_s42,greedy,100,3,389.31,4.19,389.0,350.0,455.0,274.99,114.32,42.21,0.3876,0.1625,0.7287,0.0,0.7287,0.0622,5
60,policy,v9_mix_s43,best8,100,0,379.89,4.32,379.0,325.0,448.0,243.0,136.89,56.95,0.5275,0.2246,5.9817,0.4821,6.4638,0.0581,3
60,policy,v9_mix_s43,greedy,100,2,402.09,6.36,400.0,343.0,523.0,244.51,157.58,65.16,0.5454,0.2352,0.7205,0.0,0.7205,0.0623,5
60,policy,v9_mix_s44,best8,100,0,361.16,4.01,358.0,330.0,428.0,268.64,92.52,35.15,0.3526,0.1672,6.0777,0.4932,6.571,0.059,3
60,policy,v9_mix_s44,greedy,100,0,383.28,4.3,381.0,335.0,446.0,272.52,110.76,41.57,0.3901,0.1824,0.7212,0.0,0.7212,0.0687,5
60,policy,v9_only60_s42,best8,100,0,326.63,3.01,325.5,295.0,365.0,263.76,62.87,24.11,0.258,0.103,6.1694,0.4979,6.6672,0.0524,3
60,policy,v9_only60_s42,greedy,100,1,338.9,4.54,336.0,293.0,429.0,263.11,75.79,29.13,0.2896,0.1081,0.7489,0.0,0.7489,0.0578,5
60,policy,v9_only60_s43,best8,100,0,326.98,2.69,325.0,303.0,369.0,280.92,46.06,16.6,0.191,0.0831,6.178,0.5438,6.7217,0.0683,3
60,policy,v9_only60_s43,greedy,100,0,343.28,4.22,338.0,309.0,412.0,282.66,60.62,21.72,0.2039,0.0868,0.7557,0.0,0.7557,0.0689,5
60,policy,v9_only60_s44,best8,100,0,326.07,3.05,322.5,293.0,375.0,276.72,49.35,18.05,0.2139,0.0858,6.2261,0.5205,6.7466,0.0594,3
60,policy,v9_only60_s44,greedy,100,0,342.75,4.15,343.5,293.0,387.0,278.02,64.73,23.51,0.2447,0.0896,0.7438,0.0,0.7438,0.0662,5
60,rule,earliest_completion_job+earliest_available,single,100,0,350.13,3.34,348.5,319.0,404.0,308.42,41.71,13.56,0.0485,0.0503,0.2477,0.0,0.2477,0.0881,3
60,rule,earliest_completion_job+earliest_completion,single,100,0,349.61,3.57,348.0,312.0,407.0,305.54,44.07,14.49,0.0524,0.0522,0.2311,0.0,0.2311,0.1003,3
60,rule,earliest_completion_job+least_loaded,single,100,0,350.13,3.34,348.5,319.0,404.0,308.42,41.71,13.56,0.0485,0.0503,0.2407,0.0,0.2407,0.0884,3
60,rule,earliest_completion_job+material_match,single,100,0,349.65,3.53,346.5,320.0,399.0,309.62,40.03,12.99,0.0461,0.0504,0.2413,0.0,0.2413,0.0868,3
60,rule,earliest_completion_job+nearest_amr,single,100,0,349.61,3.57,348.0,312.0,407.0,305.54,44.07,14.49,0.0524,0.0522,0.24,0.0,0.24,0.0823,3
60,rule,earliest_completion_job+random,single,100,0,350.08,3.63,347.5,324.0,416.0,309.08,41.0,13.31,0.0476,0.0503,0.242,0.0,0.242,0.0797,3
60,rule,fifo+earliest_available,single,100,2,388.5,3.35,386.0,352.0,439.0,326.61,61.89,19.17,0.2076,0.0552,0.2371,0.0,0.2371,0.091,3
60,rule,fifo+earliest_completion,single,100,0,388.59,4.43,387.5,346.0,459.0,324.92,63.67,19.78,0.237,0.0584,0.2468,0.0,0.2468,0.0841,3
60,rule,fifo+least_loaded,single,100,0,390.98,3.72,390.0,352.0,440.0,322.22,68.76,21.45,0.2145,0.0552,0.2303,0.0,0.2303,0.1001,3
60,rule,fifo+material_match,single,100,0,392.42,4.68,391.5,345.0,467.0,331.46,60.96,18.48,0.2188,0.0584,0.2378,0.0,0.2378,0.0905,3
60,rule,fifo+nearest_amr,single,100,0,558.45,17.37,546.5,383.0,879.0,436.66,121.79,28.55,0.5178,0.0621,0.2458,0.0,0.2458,0.0666,3
60,rule,fifo+random,single,100,0,953.04,23.6,930.0,692.0,1374.0,552.52,400.52,74.91,1.5071,0.0556,0.2396,0.0,0.2396,0.0865,3
60,rule,least_congested_station+earliest_available,single,100,0,527.39,5.02,524.5,472.0,594.0,346.0,181.39,52.92,0.4644,0.0942,0.2363,0.0,0.2363,0.1068,3
60,rule,least_congested_station+earliest_completion,single,100,0,638.5,8.22,638.0,522.0,783.0,464.12,174.38,38.47,0.6488,0.073,0.2387,0.0,0.2387,0.0891,3
60,rule,least_congested_station+least_loaded,single,100,0,545.95,5.56,544.0,472.0,616.0,320.36,225.59,70.51,0.5204,0.0951,0.2372,0.0,0.2372,0.1061,3
60,rule,least_congested_station+material_match,single,100,0,642.8,8.12,643.5,536.0,780.0,502.72,140.08,28.17,0.4293,0.0674,0.2372,0.0,0.2372,0.092,3
60,rule,least_congested_station+nearest_amr,single,100,0,707.35,19.8,675.0,588.0,1167.0,473.5,233.85,51.69,0.9625,0.0864,0.2469,0.0,0.2469,0.0765,3
60,rule,least_congested_station+random,single,100,0,1244.19,25.85,1249.5,888.0,1660.0,543.58,700.61,134.02,2.3021,0.0791,0.2388,0.0,0.2388,0.0898,3
60,rule,lpt+earliest_available,single,100,0,381.32,3.16,378.5,345.0,434.0,322.14,59.18,18.71,0.2238,0.0533,0.2382,0.0,0.2382,0.0908,3
60,rule,lpt+earliest_completion,single,100,0,383.33,4.72,380.0,341.0,466.0,320.86,62.47,19.66,0.276,0.056,0.2392,0.0,0.2392,0.0935,3
60,rule,lpt+least_loaded,single,100,0,383.56,3.54,381.5,345.0,441.0,314.42,69.14,22.1,0.2321,0.0535,0.2328,0.0,0.2328,0.1007,3
60,rule,lpt+material_match,single,100,0,386.83,4.54,386.0,334.0,464.0,327.94,58.89,18.19,0.2597,0.0564,0.2397,0.0,0.2397,0.0879,3
60,rule,lpt+nearest_amr,single,100,0,532.25,13.35,520.0,400.0,716.0,414.44,117.81,29.18,0.5246,0.0601,0.2493,0.0,0.2493,0.0659,3
60,rule,lpt+random,single,100,0,937.56,21.52,921.5,706.0,1182.0,536.58,400.98,78.12,1.5799,0.0552,0.2436,0.0,0.2436,0.0824,3
60,rule,material_match+earliest_available,single,100,0,350.19,3.36,348.0,319.0,404.0,308.86,41.33,13.42,0.0482,0.0501,0.2408,0.0,0.2408,0.0854,3
60,rule,material_match+earliest_completion,single,100,0,349.3,3.6,348.0,312.0,407.0,305.44,43.86,14.43,0.0524,0.0522,0.241,0.0,0.241,0.083,3
60,rule,material_match+least_loaded,single,100,0,350.19,3.36,348.0,319.0,404.0,308.86,41.33,13.42,0.0482,0.0501,0.2415,0.0,0.2415,0.0858,3
60,rule,material_match+material_match,single,100,0,349.56,3.51,346.5,320.0,399.0,309.3,40.26,13.07,0.0461,0.0505,0.231,0.0,0.231,0.104,3
60,rule,material_match+nearest_amr,single,100,0,349.3,3.6,348.0,312.0,407.0,305.44,43.86,14.43,0.0524,0.0522,0.2391,0.0,0.2391,0.0919,3
60,rule,material_match+random,single,100,0,350.18,3.7,347.5,324.0,416.0,309.36,40.82,13.24,0.0477,0.0502,0.2415,0.0,0.2415,0.0795,3
60,rule,milk_run+earliest_available,single,100,0,347.4,6.47,346.0,282.0,475.0,288.76,58.64,20.45,0.3914,0.0578,0.312,0.0,0.312,0.0458,3
60,rule,milk_run+earliest_completion,single,100,0,348.41,6.25,346.5,290.0,452.0,287.28,61.13,21.63,0.4018,0.054,0.3112,0.0,0.3112,0.0423,3
60,rule,milk_run+least_loaded,single,100,0,346.87,6.49,342.5,287.0,475.0,282.84,64.03,22.93,0.3765,0.0576,0.3123,0.0,0.3123,0.0466,3
60,rule,milk_run+material_match,single,100,0,350.26,6.49,350.5,282.0,458.0,302.32,47.94,15.97,0.3128,0.054,0.3107,0.0,0.3107,0.0456,3
60,rule,milk_run+nearest_amr,single,100,0,348.41,6.25,346.5,290.0,452.0,287.28,61.13,21.63,0.4018,0.054,0.3198,0.0,0.3198,0.0424,3
60,rule,milk_run+random,single,100,0,352.01,6.44,350.0,275.0,450.0,291.7,60.31,20.81,0.357,0.0579,0.3147,0.0,0.3147,0.0458,3
60,rule,most_congested_station+earliest_available,single,100,0,374.5,3.39,372.0,344.0,422.0,320.72,53.78,16.96,0.201,0.0497,0.2415,0.0,0.2415,0.0956,3
60,rule,most_congested_station+earliest_completion,single,100,0,369.48,4.63,367.0,330.0,436.0,317.06,52.42,16.71,0.2355,0.0502,0.2425,0.0,0.2425,0.0835,3
60,rule,most_congested_station+least_loaded,single,100,0,375.82,3.48,375.0,344.0,422.0,314.86,60.96,19.44,0.207,0.0503,0.2426,0.0,0.2426,0.0958,3
60,rule,most_congested_station+material_match,single,100,0,371.74,4.35,369.5,330.0,435.0,321.96,49.78,15.67,0.2204,0.0536,0.2495,0.0,0.2495,0.0841,3
60,rule,most_congested_station+nearest_amr,single,100,0,558.62,21.71,537.0,402.0,956.0,434.24,124.38,29.05,0.5376,0.0586,0.2417,0.0,0.2417,0.0662,3
60,rule,most_congested_station+random,single,100,0,902.47,20.28,897.0,602.0,1211.0,545.4,357.07,68.13,1.4669,0.0537,0.2525,0.0,0.2525,0.0857,3
60,rule,nearest_station+earliest_available,single,100,0,976.75,36.74,958.5,674.0,1548.0,511.84,464.91,100.4,3.2272,0.1105,0.1242,0.0,0.1242,0.0426,3
60,rule,nearest_station+earliest_completion,single,100,0,974.81,37.26,953.0,677.0,1552.0,484.62,490.19,110.27,3.239,0.1104,0.1121,0.0,0.1121,0.0413,3
60,rule,nearest_station+least_loaded,single,100,0,968.98,34.71,931.5,674.0,1548.0,492.28,476.7,105.58,3.1834,0.1111,0.1237,0.0,0.1237,0.0419,3
60,rule,nearest_station+material_match,single,100,0,977.83,37.39,949.5,604.0,1452.0,499.0,478.83,106.19,3.2311,0.1104,0.1191,0.0,0.1191,0.0424,3
60,rule,nearest_station+nearest_amr,single,100,0,974.81,37.26,953.0,677.0,1552.0,484.62,490.19,110.27,3.239,0.1104,0.1111,0.0,0.1111,0.0415,3
60,rule,nearest_station+random,single,100,0,984.22,35.77,963.0,546.0,1530.0,465.24,518.98,119.55,3.3177,0.1107,0.1244,0.0,0.1244,0.0483,3
60,rule,random+earliest_available,single,100,1,637.32,13.32,625.0,491.0,799.0,340.59,296.74,89.51,1.5674,0.2038,0.1149,0.0,0.1149,0.0613,3
60,rule,random+earliest_completion,single,100,1,637.32,13.32,625.0,491.0,799.0,340.59,296.74,89.51,1.5674,0.2038,0.1153,0.0,0.1153,0.0611,3
60,rule,random+least_loaded,single,100,1,637.32,13.32,625.0,491.0,799.0,340.59,296.74,89.51,1.5674,0.2038,0.1069,0.0,0.1069,0.0609,3
60,rule,random+material_match,single,100,1,637.32,13.32,625.0,491.0,799.0,340.59,296.74,89.51,1.5674,0.2038,0.115,0.0,0.115,0.0617,3
60,rule,random+nearest_amr,single,100,1,637.32,13.32,625.0,491.0,799.0,340.59,296.74,89.51,1.5674,0.2038,0.1059,0.0,0.1059,0.061,3
60,rule,random+random,single,100,3,642.25,15.57,629.0,494.0,914.0,346.95,295.3,87.56,1.5905,0.1958,0.115,0.0,0.115,0.0618,3
60,rule,spt+earliest_available,single,100,0,390.5,3.64,390.0,350.0,454.0,317.78,72.72,23.05,0.1763,0.0546,0.2394,0.0,0.2394,0.1064,3
60,rule,spt+earliest_completion,single,100,1,389.98,4.48,387.0,344.0,449.0,326.51,63.47,19.66,0.1748,0.0588,0.2381,0.0,0.2381,0.0798,3
60,rule,spt+least_loaded,single,100,0,390.64,3.67,389.5,350.0,454.0,315.82,74.82,23.79,0.1784,0.0545,0.2482,0.0,0.2482,0.0936,3
60,rule,spt+material_match,single,100,0,392.22,4.8,389.0,340.0,464.0,333.16,59.06,17.9,0.1584,0.056,0.2385,0.0,0.2385,0.0896,3
60,rule,spt+nearest_amr,single,100,0,557.37,20.73,536.5,425.0,1064.0,443.7,113.67,26.13,0.4287,0.0591,0.2377,0.0,0.2377,0.0768,3
60,rule,spt+random,single,100,0,935.91,24.48,923.5,671.0,1333.0,536.94,398.97,76.81,1.3783,0.0544,0.2328,0.0,0.2328,0.0965,3
80,ga,GA,single,100,0,435.85,4.02,431.0,397.0,509.0,386.68,49.17,12.8,0.0711,0.0503,101.8585,0.0,101.8585,0.1152,3
80,policy,v10_A_s44,best8,100,0,799.95,6.34,802.5,723.0,897.0,354.76,445.19,127.0,1.2624,0.1987,10.4603,0.6482,11.1085,0.0803,3
80,policy,v10_A_s44,greedy,100,1,874.97,12.5,874.0,728.0,1030.0,350.67,524.3,150.78,1.3927,0.2019,1.2587,0.0,1.2587,0.0847,5
80,policy,v10_A_s44_bestideal,best8,100,0,722.89,7.07,719.5,638.0,819.0,355.36,367.53,104.06,1.1801,0.2312,10.2433,0.6976,10.941,0.0862,3
80,policy,v10_A_s44_bestideal,greedy,100,2,759.57,9.84,756.5,645.0,930.0,342.51,417.06,122.53,1.2731,0.2431,1.2573,0.0,1.2573,0.0884,5
80,policy,v10_B_s44,best8,100,0,524.35,4.46,522.5,457.0,598.0,335.24,189.11,56.93,0.6352,0.1321,10.5085,0.6497,11.1581,0.0741,3
80,policy,v10_B_s44,greedy,100,0,502.84,6.2,498.0,429.0,610.0,325.98,176.86,54.8,0.5665,0.1275,1.2794,0.0,1.2794,0.0837,5
80,policy,v10_B_s44_bestideal,best8,100,0,524.35,4.46,522.5,457.0,598.0,335.24,189.11,56.93,0.6352,0.1321,10.5743,0.6676,11.2418,0.0832,3
80,policy,v10_B_s44_bestideal,greedy,100,0,502.84,6.2,498.0,429.0,610.0,325.98,176.86,54.8,0.5665,0.1275,1.2791,0.0,1.2791,0.0771,5
80,policy,v10_C_s44,best8,100,0,436.05,2.61,434.5,404.0,477.0,386.88,49.17,12.86,0.1706,0.0619,10.7166,0.8288,11.5454,0.0986,3
80,policy,v10_C_s44,greedy,100,1,460.24,4.04,458.0,415.0,533.0,391.45,68.79,17.77,0.2221,0.072,1.3107,0.0,1.3107,0.0973,5
80,policy,v9_mix_s42,best8,100,0,461.53,4.41,459.5,412.0,558.0,351.18,110.35,31.65,0.2946,0.129,10.5631,0.7222,11.2852,0.0794,3
80,policy,v9_mix_s42,greedy,100,4,490.49,5.67,489.0,427.0,593.0,352.71,137.78,39.3,0.3353,0.1412,1.2983,0.0,1.2983,0.0801,5
80,policy,v9_mix_s43,best8,100,0,474.87,4.51,474.0,434.0,560.0,334.44,140.43,42.3,0.38,0.1668,10.4596,0.7269,11.1865,0.089,3
80,policy,v9_mix_s43,greedy,100,0,498.18,5.29,494.0,447.0,576.0,339.14,159.04,47.28,0.4038,0.1776,1.2641,0.0,1.2641,0.0967,5
80,policy,v9_mix_s44,best8,100,0,465.09,3.82,464.5,431.0,537.0,358.36,106.73,29.98,0.307,0.142,10.5904,0.6675,11.2578,0.0769,3
80,policy,v9_mix_s44,greedy,100,1,493.8,5.86,491.0,433.0,572.0,359.33,134.46,37.77,0.346,0.1506,1.2771,0.0,1.2771,0.0834,5
80,policy,v9_only60_s42,best8,100,0,413.36,3.55,411.0,378.0,486.0,333.28,80.08,24.26,0.248,0.1069,10.9328,0.6515,11.5843,0.0846,3
80,policy,v9_only60_s42,greedy,100,1,433.78,5.07,431.0,379.0,513.0,334.65,99.13,29.85,0.2905,0.1104,1.3085,0.0,1.3085,0.0788,5
80,policy,v9_only60_s43,best8,100,0,412.02,3.06,409.0,385.0,478.0,349.46,62.56,18.02,0.1892,0.0833,10.899,0.7372,11.6362,0.0861,3
80,policy,v9_only60_s43,greedy,100,0,432.27,4.43,429.0,394.0,516.0,354.02,78.25,22.29,0.2061,0.0869,1.3308,0.0,1.3308,0.0972,5
80,policy,v9_only60_s44,best8,100,0,416.56,3.16,414.5,373.0,482.0,351.16,65.4,18.83,0.205,0.084,10.7733,0.7293,11.5026,0.0898,3
80,policy,v9_only60_s44,greedy,100,0,440.57,4.88,438.0,371.0,500.0,354.4,86.17,24.5,0.2503,0.0905,1.3155,0.0,1.3155,0.0807,5
80,rule,earliest_completion_job+earliest_available,single,100,0,449.65,4.59,449.5,402.0,517.0,402.2,47.45,11.84,0.047,0.0491,0.4401,0.0,0.4401,0.1066,3
80,rule,earliest_completion_job+earliest_completion,single,100,0,447.27,4.78,440.0,401.0,530.0,400.66,46.61,11.67,0.0502,0.0507,0.4418,0.0,0.4418,0.1052,3
80,rule,earliest_completion_job+least_loaded,single,100,0,449.65,4.59,449.5,402.0,517.0,402.2,47.45,11.84,0.047,0.0491,0.4359,0.0,0.4359,0.1062,3
80,rule,earliest_completion_job+material_match,single,100,0,447.91,4.55,446.5,401.0,524.0,402.88,45.03,11.18,0.0442,0.0491,0.4319,0.0,0.4319,0.1039,3
80,rule,earliest_completion_job+nearest_amr,single,100,0,447.27,4.78,440.0,401.0,530.0,400.66,46.61,11.67,0.0502,0.0507,0.4417,0.0,0.4417,0.1053,3
80,rule,earliest_completion_job+random,single,100,0,445.72,4.93,442.0,404.0,541.0,400.56,45.16,11.31,0.0434,0.0484,0.4446,0.0,0.4446,0.1067,3
80,rule,fifo+earliest_available,single,100,1,497.61,3.64,496.0,464.0,560.0,425.21,72.39,17.19,0.1983,0.0536,0.4366,0.0,0.4366,0.124,3
80,rule,fifo+earliest_completion,single,100,0,500.19,5.5,496.0,446.0,580.0,417.5,82.69,19.92,0.2377,0.0586,0.436,0.0,0.436,0.1122,3
80,rule,fifo+least_loaded,single,100,0,501.15,4.09,500.0,458.0,563.0,402.1,99.05,24.72,0.2037,0.0535,0.4532,0.0,0.4532,0.1259,3
80,rule,fifo+material_match,single,100,0,505.26,5.83,502.5,448.0,593.0,430.58,74.68,17.4,0.2192,0.0576,0.4399,0.0,0.4399,0.1243,3
80,rule,fifo+nearest_amr,single,100,0,760.13,23.85,726.0,595.0,1244.0,561.24,198.89,35.84,0.6374,0.0635,0.4303,0.0,0.4303,0.0997,3
80,rule,fifo+random,single,100,0,1274.52,25.75,1271.0,947.0,1546.0,690.46,584.06,87.3,1.7752,0.0555,0.4472,0.0,0.4472,0.1147,3
80,rule,least_congested_station+earliest_available,single,100,0,705.33,6.44,703.5,631.0,784.0,454.6,250.73,55.57,0.5351,0.1003,0.4069,0.0,0.4069,0.1715,3
80,rule,least_congested_station+earliest_completion,single,100,0,886.7,10.83,881.0,779.0,1019.0,622.0,264.7,43.36,0.8233,0.0734,0.4379,0.0,0.4379,0.1158,3
80,rule,least_congested_station+least_loaded,single,100,1,731.51,6.22,735.0,661.0,822.0,401.29,330.21,82.39,0.5874,0.1016,0.437,0.0,0.437,0.1393,3
80,rule,least_congested_station+material_match,single,100,0,891.8,10.36,885.0,779.0,1019.0,686.4,205.4,30.17,0.5382,0.0656,0.4388,0.0,0.4388,0.1182,3
80,rule,least_congested_station+nearest_amr,single,100,0,968.88,24.48,946.5,775.0,1549.0,639.06,329.82,53.48,1.129,0.0883,0.4282,0.0,0.4282,0.1026,3
80,rule,least_congested_station+random,single,100,0,1655.3,27.26,1649.5,1298.0,2141.0,678.24,977.06,148.26,2.5044,0.0856,0.4401,0.0,0.4401,0.1215,3
80,rule,lpt+earliest_available,single,100,0,490.75,4.43,488.5,452.0,578.0,428.08,62.67,14.74,0.2109,0.0514,0.4417,0.0,0.4417,0.1367,3
80,rule,lpt+earliest_completion,single,100,2,493.89,6.29,490.5,440.0,620.0,420.86,73.03,17.39,0.268,0.0553,0.441,0.0,0.441,0.1218,3
80,rule,lpt+least_loaded,single,100,1,495.78,4.94,495.0,452.0,604.0,391.9,103.88,26.62,0.2191,0.0519,0.4182,0.0,0.4182,0.1611,3
80,rule,lpt+material_match,single,100,0,497.32,6.36,494.0,438.0,632.0,426.88,70.44,16.48,0.2483,0.0551,0.4432,0.0,0.4432,0.1194,3
80,rule,lpt+nearest_amr,single,100,0,728.33,20.86,707.5,527.0,1062.0,546.42,181.91,34.02,0.6435,0.0616,0.4339,0.0,0.4339,0.0949,3
80,rule,lpt+random,single,100,0,1240.5,27.49,1259.0,889.0,1619.0,661.7,578.8,90.09,1.8053,0.0567,0.431,0.0,0.431,0.1208,3
80,rule,material_match+earliest_available,single,100,0,449.81,4.67,450.5,402.0,535.0,401.04,48.77,12.22,0.0464,0.0492,0.4411,0.0,0.4411,0.1064,3
80,rule,material_match+earliest_completion,single,100,0,446.83,4.76,440.0,401.0,544.0,400.78,46.05,11.51,0.0495,0.0506,0.4426,0.0,0.4426,0.105,3
80,rule,material_match+least_loaded,single,100,0,449.83,4.67,450.5,402.0,535.0,401.12,48.71,12.2,0.0464,0.0492,0.4433,0.0,0.4433,0.106,3
80,rule,material_match+material_match,single,100,0,446.84,4.44,444.5,410.0,521.0,402.14,44.7,11.12,0.0437,0.0491,0.4442,0.0,0.4442,0.1037,3
80,rule,material_match+nearest_amr,single,100,0,446.83,4.76,440.0,401.0,544.0,400.78,46.05,11.51,0.0495,0.0506,0.4339,0.0,0.4339,0.105,3
80,rule,material_match+random,single,100,0,445.58,4.88,442.0,404.0,538.0,400.56,45.02,11.28,0.0438,0.0484,0.4286,0.0,0.4286,0.1159,3
80,rule,milk_run+earliest_available,single,100,0,430.85,7.19,425.0,351.0,583.0,354.54,76.31,22.04,0.3512,0.0547,0.5706,0.0,0.5706,0.066,3
80,rule,milk_run+earliest_completion,single,100,0,426.24,7.22,422.5,365.0,573.0,354.56,71.68,20.43,0.3513,0.0533,0.5712,0.0,0.5712,0.0566,3
80,rule,milk_run+least_loaded,single,100,0,431.82,7.45,427.5,358.0,581.0,345.42,86.4,25.71,0.3421,0.0549,0.5709,0.0,0.5709,0.064,3
80,rule,milk_run+material_match,single,100,0,433.82,7.51,426.0,378.0,579.0,372.92,60.9,16.52,0.3176,0.0526,0.5585,0.0,0.5585,0.0614,3
80,rule,milk_run+nearest_amr,single,100,0,426.24,7.22,422.5,365.0,573.0,354.56,71.68,20.43,0.3513,0.0533,0.5604,0.0,0.5604,0.0563,3
80,rule,milk_run+random,single,100,0,430.83,7.57,424.5,355.0,567.0,358.38,72.45,20.46,0.3447,0.0561,0.5627,0.0,0.5627,0.0618,3
80,rule,most_congested_station+earliest_available,single,100,0,481.79,4.75,478.0,442.0,596.0,427.42,54.37,12.88,0.1916,0.0484,0.4434,0.0,0.4434,0.1296,3
80,rule,most_congested_station+earliest_completion,single,100,0,476.08,6.43,469.5,423.0,586.0,414.18,61.9,15.02,0.2254,0.0503,0.4448,0.0,0.4448,0.1125,3
80,rule,most_congested_station+least_loaded,single,100,0,487.78,5.44,482.0,447.0,595.0,394.1,93.68,23.85,0.2001,0.0487,0.4473,0.0,0.4473,0.1315,3
80,rule,most_congested_station+material_match,single,100,0,479.88,6.58,475.0,421.0,590.0,421.4,58.48,13.89,0.2154,0.0515,0.4433,0.0,0.4433,0.1207,3
80,rule,most_congested_station+nearest_amr,single,100,0,759.62,24.47,752.0,521.0,1130.0,583.02,176.6,30.6,0.674,0.0592,0.4351,0.0,0.4351,0.0933,3
80,rule,most_congested_station+random,single,100,0,1155.04,24.41,1139.0,898.0,1511.0,685.06,469.98,70.67,1.6264,0.0549,0.4495,0.0,0.4495,0.1138,3
80,rule,nearest_station+earliest_available,single,100,0,1430.88,41.4,1431.0,974.0,2051.0,603.74,827.14,143.77,4.0285,0.1061,0.208,0.0,0.208,0.0638,3
80,rule,nearest_station+earliest_completion,single,100,0,1458.35,45.16,1464.0,974.0,2093.0,603.84,854.51,150.3,4.1066,0.1033,0.2092,0.0,0.2092,0.0601,3
80,rule,nearest_station+least_loaded,single,100,0,1438.2,38.39,1433.5,980.0,1937.0,591.74,846.46,151.39,4.059,0.1061,0.2105,0.0,0.2105,0.0599,3
80,rule,nearest_station+material_match,single,100,0,1474.35,42.71,1467.5,974.0,2171.0,613.9,860.45,149.08,4.1683,0.1035,0.2109,0.0,0.2109,0.0601,3
80,rule,nearest_station+nearest_amr,single,100,0,1458.35,45.16,1464.0,974.0,2093.0,603.84,854.51,150.3,4.1066,0.1033,0.2078,0.0,0.2078,0.0602,3
80,rule,nearest_station+random,single,100,1,1457.65,41.85,1429.0,944.0,2038.0,558.77,898.88,168.16,4.1327,0.1056,0.2224,0.0,0.2224,0.0591,3
80,rule,random+earliest_available,single,100,0,901.19,18.58,898.5,695.0,1172.0,481.86,419.33,89.66,1.7297,0.1773,0.1903,0.0,0.1903,0.0884,3
80,rule,random+earliest_completion,single,100,0,901.19,18.58,898.5,695.0,1172.0,481.86,419.33,89.66,1.7297,0.1773,0.1744,0.0,0.1744,0.0973,3
80,rule,random+least_loaded,single,100,0,901.19,18.58,898.5,695.0,1172.0,481.86,419.33,89.66,1.7297,0.1773,0.1849,0.0,0.1849,0.0883,3
80,rule,random+material_match,single,100,0,901.19,18.58,898.5,695.0,1172.0,481.86,419.33,89.66,1.7297,0.1773,0.1822,0.0,0.1822,0.0881,3
80,rule,random+nearest_amr,single,100,0,901.19,18.58,898.5,695.0,1172.0,481.86,419.33,89.66,1.7297,0.1773,0.1824,0.0,0.1824,0.0882,3
80,rule,random+random,single,100,1,878.23,15.07,868.0,672.0,1041.0,471.64,406.6,88.05,1.6446,0.1736,0.1839,0.0,0.1839,0.0865,3
80,rule,spt+earliest_available,single,100,2,497.38,5.08,495.0,450.0,607.0,420.14,77.23,18.52,0.1698,0.052,0.4407,0.0,0.4407,0.1311,3
80,rule,spt+earliest_completion,single,100,0,498.36,5.98,492.0,441.0,598.0,419.26,79.1,18.86,0.1808,0.0578,0.4348,0.0,0.4348,0.1179,3
80,rule,spt+least_loaded,single,100,2,497.62,4.79,496.0,450.0,607.0,393.69,103.93,26.49,0.1687,0.0519,0.4523,0.0,0.4523,0.1275,3
80,rule,spt+material_match,single,100,0,501.76,5.61,499.0,447.0,589.0,430.6,71.16,16.54,0.1624,0.0547,0.4384,0.0,0.4384,0.1226,3
80,rule,spt+nearest_amr,single,100,1,781.81,31.26,753.0,515.0,1356.0,590.48,191.32,32.74,0.5755,0.0605,0.4415,0.0,0.4415,0.0949,3
80,rule,spt+random,single,100,0,1222.76,26.27,1223.5,804.0,1560.0,663.52,559.24,87.03,1.5468,0.0537,0.4288,0.0,0.4288,0.1228,3
100,ga,GA,single,100,0,525.85,4.07,525.0,491.0,592.0,477.46,48.39,10.14,0.0586,0.0492,144.9313,0.0,144.9313,0.1305,3
100,policy,v10_A_s44,best8,100,0,968.25,8.27,967.0,881.0,1076.0,462.34,505.91,110.33,1.1542,0.1809,15.8862,0.8823,16.7685,0.122,3
100,policy,v10_A_s44,greedy,100,2,1042.58,14.51,1036.5,887.0,1236.0,442.04,600.54,136.3,1.2507,0.1842,1.9578,0.0,1.9578,0.1119,5
100,policy,v10_A_s44_bestideal,best8,100,0,907.39,9.09,900.0,817.0,1032.0,454.94,452.45,99.95,1.1385,0.2046,15.9213,0.9734,16.8948,0.1107,3
100,policy,v10_A_s44_bestideal,greedy,100,3,944.96,11.36,938.0,848.0,1121.0,449.61,495.35,111.06,1.2073,0.2066,1.9573,0.0,1.9573,0.1133,5
100,policy,v10_B_s44,best8,100,0,630.15,5.51,630.0,547.0,694.0,427.76,202.39,47.56,0.5258,0.1133,16.3791,0.8348,17.2139,0.1014,3
100,policy,v10_B_s44,greedy,100,0,607.93,7.38,606.5,514.0,763.0,412.72,195.21,47.46,0.4787,0.1141,2.0219,0.0,2.0219,0.0957,5
100,policy,v10_B_s44_bestideal,best8,100,0,630.15,5.51,630.0,547.0,694.0,427.76,202.39,47.56,0.5258,0.1133,16.3969,0.8362,17.2331,0.1114,3
100,policy,v10_B_s44_bestideal,greedy,100,0,607.93,7.38,606.5,514.0,763.0,412.72,195.21,47.46,0.4787,0.1141,2.0242,0.0,2.0242,0.096,5
100,policy,v10_C_s44,best8,100,0,534.46,2.49,535.0,504.0,563.0,473.9,60.56,12.85,0.165,0.0613,16.7872,0.9934,17.7806,0.1192,3
100,policy,v10_C_s44,greedy,100,0,566.95,4.44,566.0,513.0,632.0,476.24,90.71,19.11,0.227,0.0754,2.0623,0.0,2.0623,0.1287,5
100,policy,v9_mix_s42,best8,100,0,558.95,4.38,554.5,517.0,625.0,437.96,120.99,27.78,0.2485,0.1103,16.6684,0.8844,17.5527,0.1086,3
100,policy,v9_mix_s42,greedy,100,4,586.62,5.67,585.0,524.0,668.0,437.81,148.81,34.19,0.2777,0.1202,1.9792,0.0,1.9792,0.1209,5
100,policy,v9_mix_s43,best8,100,0,567.97,4.36,564.5,519.0,631.0,431.36,136.61,31.79,0.2954,0.1338,16.0519,1.0113,17.0632,0.1162,3
100,policy,v9_mix_s43,greedy,100,0,593.58,5.37,593.0,547.0,666.0,435.64,157.94,36.37,0.3176,0.143,1.9548,0.0,1.9548,0.1287,5
100,policy,v9_mix_s44,best8,100,0,571.32,4.27,570.0,521.0,649.0,440.48,130.84,29.78,0.2611,0.118,16.217,0.9317,17.1487,0.119,3
100,policy,v9_mix_s44,greedy,100,2,598.48,5.34,598.5,533.0,682.0,445.27,153.21,34.56,0.2936,0.1247,1.9948,0.0,1.9948,0.1091,5
100,policy,v9_only60_s42,best8,100,0,500.94,3.5,501.0,461.0,544.0,407.6,93.34,23.05,0.236,0.104,16.623,0.7863,17.4092,0.1118,3
100,policy,v9_only60_s42,greedy,100,0,528.56,5.78,532.5,460.0,591.0,408.6,119.96,29.52,0.2807,0.1147,2.0624,0.0,2.0624,0.0983,5
100,policy,v9_only60_s43,best8,100,0,496.58,3.05,497.0,464.0,541.0,419.06,77.52,18.64,0.1834,0.083,16.6755,0.9008,17.5763,0.0995,3
100,policy,v9_only60_s43,greedy,100,0,521.8,4.14,519.0,472.0,586.0,423.46,98.34,23.36,0.2072,0.0897,2.0505,0.0,2.0505,0.1247,5
100,policy,v9_only60_s44,best8,100,0,504.3,3.47,502.5,468.0,546.0,423.76,80.54,19.11,0.1973,0.0827,16.6858,0.8615,17.5473,0.1074,3
100,policy,v9_only60_s44,greedy,100,0,531.48,5.64,529.5,465.0,603.0,427.84,103.64,24.35,0.2382,0.0885,2.0534,0.0,2.0534,0.1012,5
100,rule,earliest_completion_job+earliest_available,single,100,1,535.75,4.47,533.0,497.0,616.0,484.24,51.51,10.62,0.0447,0.0481,0.7056,0.0,0.7056,0.1426,3
100,rule,earliest_completion_job+earliest_completion,single,100,0,535.67,4.63,534.0,488.0,614.0,482.22,53.45,11.06,0.0479,0.0494,0.6965,0.0,0.6965,0.1257,3
100,rule,earliest_completion_job+least_loaded,single,100,1,535.75,4.47,533.0,497.0,616.0,484.24,51.51,10.62,0.0447,0.0481,0.6901,0.0,0.6901,0.1514,3
100,rule,earliest_completion_job+material_match,single,100,0,532.73,4.56,531.5,492.0,607.0,483.88,48.85,10.07,0.0425,0.0479,0.7058,0.0,0.7058,0.1478,3
100,rule,earliest_completion_job+nearest_amr,single,100,0,535.67,4.63,534.0,488.0,614.0,482.22,53.45,11.06,0.0479,0.0494,0.6863,0.0,0.6863,0.1255,3
100,rule,earliest_completion_job+random,single,100,0,535.23,4.52,533.0,489.0,616.0,485.18,50.05,10.3,0.0436,0.0488,0.7007,0.0,0.7007,0.1254,3
100,rule,fifo+earliest_available,single,100,0,608.54,4.14,606.0,564.0,660.0,518.86,89.68,17.38,0.1992,0.0531,0.6884,0.0,0.6884,0.1575,3
100,rule,fifo+earliest_completion,single,100,0,610.4,5.74,606.5,557.0,677.0,508.14,102.26,20.2,0.2306,0.0582,0.6816,0.0,0.6816,0.1484,3
100,rule,fifo+least_loaded,single,100,0,614.69,4.83,611.5,567.0,673.0,518.12,96.57,18.73,0.2096,0.0534,0.6959,0.0,0.6959,0.1585,3
100,rule,fifo+material_match,single,100,0,615.41,6.13,612.0,544.0,693.0,518.36,97.05,18.78,0.2143,0.0556,0.6913,0.0,0.6913,0.1503,3
100,rule,fifo+nearest_amr,single,100,0,973.05,30.43,957.5,709.0,1459.0,706.7,266.35,38.5,0.7401,0.0645,0.6829,0.0,0.6829,0.1194,3
100,rule,fifo+random,single,100,0,1484.64,29.14,1462.0,1213.0,1983.0,778.7,705.94,93.04,1.7228,0.0571,0.6984,0.0,0.6984,0.1544,3
100,rule,least_congested_station+earliest_available,single,100,0,892.01,6.08,889.5,822.0,969.0,561.84,330.17,59.18,0.6076,0.1041,0.6835,0.0,0.6835,0.1719,3
100,rule,least_congested_station+earliest_completion,single,100,0,1148.87,11.36,1157.5,990.0,1284.0,780.0,368.87,48.21,0.9748,0.073,0.6887,0.0,0.6887,0.1446,3
100,rule,least_congested_station+least_loaded,single,100,0,941.17,7.76,946.5,825.0,1026.0,516.14,425.03,82.48,0.7105,0.1021,0.6693,0.0,0.6693,0.1868,3
100,rule,least_congested_station+material_match,single,100,0,1150.17,11.26,1160.0,1003.0,1286.0,872.32,277.85,32.05,0.6525,0.0648,0.6871,0.0,0.6871,0.1622,3
100,rule,least_congested_station+nearest_amr,single,100,0,1296.49,37.2,1256.5,1017.0,2171.0,831.06,465.43,59.36,1.4116,0.0912,0.6824,0.0,0.6824,0.1278,3
100,rule,least_congested_station+random,single,100,0,2073.12,30.34,2072.5,1713.0,2534.0,810.62,1262.5,160.68,2.7763,0.0907,0.6907,0.0,0.6907,0.1491,3
100,rule,lpt+earliest_available,single,100,0,599.54,4.3,600.0,543.0,676.0,518.68,80.86,15.68,0.2037,0.0503,0.6927,0.0,0.6927,0.1586,3
100,rule,lpt+earliest_completion,single,100,0,603.95,6.8,603.5,523.0,696.0,510.1,93.85,18.43,0.2595,0.0546,0.6878,0.0,0.6878,0.1418,3
100,rule,lpt+least_loaded,single,100,0,604.14,4.4,605.0,543.0,672.0,511.5,92.64,18.17,0.2136,0.0508,0.699,0.0,0.699,0.1602,3
100,rule,lpt+material_match,single,100,0,607.06,6.49,606.0,535.0,698.0,519.78,87.28,16.82,0.2411,0.0543,0.6982,0.0,0.6982,0.1689,3
100,rule,lpt+nearest_amr,single,100,0,924.55,35.15,899.0,694.0,1989.0,661.82,262.73,39.58,0.7554,0.0635,0.7034,0.0,0.7034,0.1135,3
100,rule,lpt+random,single,100,0,1529.55,32.05,1520.5,1060.0,2027.0,798.52,731.03,93.57,1.9013,0.0565,0.6959,0.0,0.6959,0.1674,3
100,rule,material_match+earliest_available,single,100,1,535.67,4.55,533.0,497.0,616.0,484.18,51.48,10.62,0.0447,0.0481,0.6954,0.0,0.6954,0.1526,3
100,rule,material_match+earliest_completion,single,100,0,535.72,4.49,534.0,488.0,614.0,482.18,53.54,11.09,0.0479,0.0493,0.6977,0.0,0.6977,0.1241,3
100,rule,material_match+least_loaded,single,100,1,535.67,4.55,533.0,497.0,616.0,484.18,51.48,10.62,0.0447,0.0481,0.6971,0.0,0.6971,0.143,3
100,rule,material_match+material_match,single,100,0,532.98,4.65,532.0,492.0,607.0,484.04,48.94,10.09,0.0419,0.0478,0.6863,0.0,0.6863,0.1564,3
100,rule,material_match+nearest_amr,single,100,0,535.72,4.49,534.0,488.0,614.0,482.18,53.54,11.09,0.0479,0.0493,0.6859,0.0,0.6859,0.1327,3
100,rule,material_match+random,single,100,0,534.59,4.67,529.0,489.0,623.0,484.84,49.75,10.24,0.0437,0.0487,0.6993,0.0,0.6993,0.1349,3
100,rule,milk_run+earliest_available,single,100,0,501.5,7.49,500.0,422.0,625.0,409.0,92.5,22.88,0.3033,0.053,0.894,0.0,0.894,0.0806,3
100,rule,milk_run+earliest_completion,single,100,0,505.64,8.35,501.0,426.0,622.0,413.64,92.0,22.57,0.3252,0.0534,0.8891,0.0,0.8891,0.0908,3
100,rule,milk_run+least_loaded,single,100,0,505.29,7.2,503.0,415.0,588.0,396.2,109.09,27.87,0.3034,0.0532,0.8837,0.0,0.8837,0.086,3
100,rule,milk_run+material_match,single,100,0,505.98,8.02,503.0,420.0,611.0,434.98,71.0,16.44,0.3019,0.0515,0.8902,0.0,0.8902,0.0831,3
100,rule,milk_run+nearest_amr,single,100,0,505.64,8.35,501.0,426.0,622.0,413.64,92.0,22.57,0.3252,0.0534,0.8968,0.0,0.8968,0.0807,3
100,rule,milk_run+random,single,100,1,511.95,8.54,508.0,426.0,654.0,421.68,90.27,21.72,0.324,0.0545,0.8966,0.0,0.8966,0.0881,3
100,rule,most_congested_station+earliest_available,single,100,1,587.07,5.31,583.0,532.0,670.0,521.03,66.04,12.7,0.1837,0.0466,0.6891,0.0,0.6891,0.1728,3
100,rule,most_congested_station+earliest_completion,single,100,1,577.9,6.86,572.0,523.0,682.0,508.71,69.19,13.6,0.212,0.0498,0.7027,0.0,0.7027,0.1409,3
100,rule,most_congested_station+least_loaded,single,100,1,590.67,5.44,588.0,542.0,678.0,515.94,74.73,14.51,0.1886,0.0471,0.7045,0.0,0.7045,0.1636,3
100,rule,most_congested_station+material_match,single,100,0,581.56,6.78,575.5,533.0,697.0,511.76,69.8,13.63,0.2017,0.0504,0.6977,0.0,0.6977,0.1508,3
100,rule,most_congested_station+nearest_amr,single,100,0,965.63,29.96,930.5,705.0,1457.0,705.14,260.49,37.35,0.7673,0.0607,0.6934,0.0,0.6934,0.1217,3
100,rule,most_congested_station+random,single,100,0,1420.88,26.04,1418.0,1115.0,1761.0,790.54,630.34,82.76,1.6917,0.0556,0.7096,0.0,0.7096,0.1549,3
100,rule,nearest_station+earliest_available,single,100,0,2072.11,57.62,2069.5,1529.0,2749.0,769.54,1302.57,178.59,4.9364,0.0979,0.3153,0.0,0.3153,0.0759,3
100,rule,nearest_station+earliest_completion,single,100,0,2072.66,58.37,2060.0,1490.0,2860.0,788.66,1284.0,172.84,4.9368,0.0971,0.3148,0.0,0.3148,0.0741,3
100,rule,nearest_station+least_loaded,single,100,0,2049.79,57.67,2051.0,1490.0,2859.0,767.92,1281.87,175.81,4.8719,0.0992,0.3185,0.0,0.3185,0.0759,3
100,rule,nearest_station+material_match,single,100,0,2064.48,55.16,2052.5,1529.0,2975.0,798.54,1265.94,171.18,4.9045,0.0965,0.306,0.0,0.306,0.0739,3
100,rule,nearest_station+nearest_amr,single,100,0,2072.66,58.37,2060.0,1490.0,2860.0,788.66,1284.0,172.84,4.9368,0.0971,0.3151,0.0,0.3151,0.0738,3
100,rule,nearest_station+random,single,100,0,2066.82,55.32,2064.5,1481.0,2733.0,784.74,1282.08,174.79,4.9194,0.1006,0.3227,0.0,0.3227,0.0798,3
100,rule,random+earliest_available,single,100,0,1149.88,18.25,1141.5,958.0,1409.0,599.88,550.0,93.89,1.7539,0.1533,0.2487,0.0,0.2487,0.1124,3
100,rule,random+earliest_completion,single,100,0,1149.88,18.25,1141.5,958.0,1409.0,599.88,550.0,93.89,1.7539,0.1533,0.2493,0.0,0.2493,0.1124,3
100,rule,random+least_loaded,single,100,0,1149.88,18.25,1141.5,958.0,1409.0,599.88,550.0,93.89,1.7539,0.1533,0.2515,0.0,0.2515,0.1208,3
100,rule,random+material_match,single,100,0,1149.88,18.25,1141.5,958.0,1409.0,599.88,550.0,93.89,1.7539,0.1533,0.2491,0.0,0.2491,0.122,3
100,rule,random+nearest_amr,single,100,0,1149.88,18.25,1141.5,958.0,1409.0,599.88,550.0,93.89,1.7539,0.1533,0.248,0.0,0.248,0.1206,3
100,rule,random+random,single,100,2,1151.87,20.48,1145.5,962.0,1531.0,582.63,569.23,99.65,1.7714,0.1516,0.253,0.0,0.253,0.1247,3
100,rule,spt+earliest_available,single,100,0,605.86,4.4,606.5,559.0,678.0,515.88,89.98,17.49,0.1695,0.0506,0.681,0.0,0.681,0.1552,3
100,rule,spt+earliest_completion,single,100,0,608.6,6.09,605.0,542.0,682.0,509.8,98.8,19.45,0.1867,0.0568,0.6822,0.0,0.6822,0.1589,3
100,rule,spt+least_loaded,single,100,0,609.11,4.47,608.5,559.0,676.0,516.24,92.87,18.07,0.1738,0.0504,0.6905,0.0,0.6905,0.1723,3
100,rule,spt+material_match,single,100,1,613.63,6.13,615.0,543.0,694.0,519.43,94.19,18.15,0.1665,0.0529,0.6831,0.0,0.6831,0.1517,3
100,rule,spt+nearest_amr,single,100,0,965.21,33.18,927.0,697.0,1445.0,707.16,258.05,36.86,0.6838,0.0613,0.7011,0.0,0.7011,0.1113,3
100,rule,spt+random,single,100,0,1496.37,29.02,1509.5,1105.0,1859.0,772.66,723.71,96.39,1.6783,0.0558,0.6952,0.0,0.6952,0.1545,3
