n_jobs,policy,rule,is_best_rule_at_n,n_pairs,delta,delta_ci95,delta_pct,boot_lo,boot_hi,wins,losses,win_rate_pct,perm_p,significant
20,extend_GNN greedy (3 seeds),milk_run+earliest_completion,no,100,-17.19,4.19,-9.22,-21.46,-13.03,78,20,78.0,0.0001,yes
20,extend_GNN greedy (3 seeds),milk_run+earliest_available,no,100,-18.19,3.89,-9.71,-22.13,-14.36,80,19,80.0,0.0001,yes
20,extend_GNN greedy (3 seeds),material_match+earliest_completion,no,100,2.82,2.56,1.7,0.29,5.38,46,54,46.0,0.0353,yes
20,extend_GNN greedy (3 seeds),milk_run+least_loaded,no,100,-17.87,3.89,-9.55,-21.83,-14.04,80,19,80.0,0.0001,yes
20,extend_GNN greedy (3 seeds),earliest_completion_job+earliest_completion,no,100,2.87,2.52,1.73,0.37,5.37,46,54,46.0,0.0294,yes
20,extend_GNN greedy (3 seeds),earliest_completion_job+material_match,yes,100,2.99,2.48,1.8,0.57,5.45,43,56,43.0,0.0208,yes
20,extend_GNN greedy _s42,milk_run+earliest_completion,no,100,-13.39,4.31,-7.18,-17.86,-9.03,73,24,73.0,0.0001,yes
20,extend_GNN greedy _s42,milk_run+earliest_available,no,100,-14.39,3.91,-7.68,-18.35,-10.53,78,20,78.0,0.0001,yes
20,extend_GNN greedy _s42,material_match+earliest_completion,no,100,6.62,3.08,3.98,3.58,9.64,36,61,36.0,0.0001,yes
20,extend_GNN greedy _s42,milk_run+least_loaded,no,100,-14.07,3.92,-7.52,-18.08,-10.19,78,20,78.0,0.0001,yes
20,extend_GNN greedy _s42,earliest_completion_job+earliest_completion,no,100,6.67,3.04,4.01,3.65,9.66,36,61,36.0,0.0001,yes
20,extend_GNN greedy _s42,earliest_completion_job+material_match,yes,100,6.79,3.0,4.09,3.83,9.75,36,63,36.0,0.0001,yes
20,extend_GNN greedy _s43,milk_run+earliest_completion,no,100,-16.16,4.91,-8.67,-21.02,-11.18,74,25,74.0,0.0001,yes
20,extend_GNN greedy _s43,milk_run+earliest_available,no,100,-17.16,4.83,-9.16,-21.96,-12.38,74,24,74.0,0.0001,yes
20,extend_GNN greedy _s43,material_match+earliest_completion,no,100,3.85,3.53,2.31,0.44,7.41,44,55,44.0,0.0345,yes
20,extend_GNN greedy _s43,milk_run+least_loaded,no,100,-16.84,4.81,-9.0,-21.64,-12.08,74,24,74.0,0.0001,yes
20,extend_GNN greedy _s43,earliest_completion_job+earliest_completion,no,100,3.9,3.5,2.34,0.52,7.46,43,56,43.0,0.0319,yes
20,extend_GNN greedy _s43,earliest_completion_job+material_match,yes,100,4.02,3.52,2.42,0.59,7.6,42,56,42.0,0.0275,yes
20,extend_GNN greedy _s44,milk_run+earliest_completion,no,100,-22.02,4.63,-11.81,-26.78,-17.43,87,12,87.0,0.0001,yes
20,extend_GNN greedy _s44,milk_run+earliest_available,no,100,-23.02,4.29,-12.29,-27.41,-18.8,86,12,86.0,0.0001,yes
20,extend_GNN greedy _s44,material_match+earliest_completion,no,100,-2.01,3.05,-1.21,-5.03,1.09,61,38,61.0,0.2037,no
20,extend_GNN greedy _s44,milk_run+least_loaded,no,100,-22.7,4.3,-12.14,-27.12,-18.47,86,12,86.0,0.0001,yes
20,extend_GNN greedy _s44,earliest_completion_job+earliest_completion,no,100,-1.96,3.04,-1.18,-4.94,1.13,61,38,61.0,0.214,no
20,extend_GNN greedy _s44,earliest_completion_job+material_match,yes,100,-1.84,2.94,-1.11,-4.73,1.18,55,44,55.0,0.2302,no
20,extend_GNN best-of-8 s42,milk_run+earliest_completion,no,100,-23.0,4.14,-12.34,-27.23,-18.89,89,11,89.0,0.0001,yes
20,extend_GNN best-of-8 s42,milk_run+earliest_available,no,100,-24.0,3.89,-12.81,-27.95,-20.15,92,7,92.0,0.0001,yes
20,extend_GNN best-of-8 s42,material_match+earliest_completion,no,100,-2.99,2.11,-1.8,-5.09,-0.87,63,33,63.0,0.0085,yes
20,extend_GNN best-of-8 s42,milk_run+least_loaded,no,100,-23.68,3.91,-12.66,-27.66,-19.79,91,7,91.0,0.0001,yes
20,extend_GNN best-of-8 s42,earliest_completion_job+earliest_completion,no,100,-2.94,2.1,-1.77,-5.03,-0.83,63,33,63.0,0.0091,yes
20,extend_GNN best-of-8 s42,earliest_completion_job+material_match,yes,100,-2.82,2.0,-1.7,-4.75,-0.82,63,35,63.0,0.009,yes
20,extend_GNN best-of-16 s42,milk_run+earliest_completion,no,100,-25.71,4.08,-13.79,-29.93,-21.7,91,8,91.0,0.0001,yes
20,extend_GNN best-of-16 s42,milk_run+earliest_available,no,100,-26.71,3.82,-14.25,-30.67,-22.94,93,6,93.0,0.0001,yes
20,extend_GNN best-of-16 s42,material_match+earliest_completion,no,100,-5.7,2.01,-3.43,-7.68,-3.7,72,24,72.0,0.0001,yes
20,extend_GNN best-of-16 s42,milk_run+least_loaded,no,100,-26.39,3.84,-14.11,-30.36,-22.62,92,6,92.0,0.0001,yes
20,extend_GNN best-of-16 s42,earliest_completion_job+earliest_completion,no,100,-5.65,1.98,-3.4,-7.62,-3.65,72,24,72.0,0.0001,yes
20,extend_GNN best-of-16 s42,earliest_completion_job+material_match,yes,100,-5.53,1.91,-3.33,-7.41,-3.64,70,25,70.0,0.0001,yes
20,extend_GNN best-of-8 s44,milk_run+earliest_completion,no,100,-28.48,4.21,-15.28,-32.77,-24.33,94,6,94.0,0.0001,yes
20,extend_GNN best-of-8 s44,milk_run+earliest_available,no,100,-29.48,3.93,-15.73,-33.46,-25.57,95,5,95.0,0.0001,yes
20,extend_GNN best-of-8 s44,material_match+earliest_completion,no,100,-8.47,2.14,-5.09,-10.6,-6.35,74,23,74.0,0.0001,yes
20,extend_GNN best-of-8 s44,milk_run+least_loaded,no,100,-29.16,3.95,-15.59,-33.17,-25.25,95,5,95.0,0.0001,yes
20,extend_GNN best-of-8 s44,earliest_completion_job+earliest_completion,no,100,-8.42,2.11,-5.06,-10.54,-6.32,74,23,74.0,0.0001,yes
20,extend_GNN best-of-8 s44,earliest_completion_job+material_match,yes,100,-8.3,2.15,-4.99,-10.4,-6.18,71,26,71.0,0.0001,yes
20,extend_GNN best-of-16 s44,milk_run+earliest_completion,no,100,-30.58,4.34,-16.41,-35.0,-26.33,95,5,95.0,0.0001,yes
20,extend_GNN best-of-16 s44,milk_run+earliest_available,no,100,-31.58,4.05,-16.85,-35.74,-27.57,96,4,96.0,0.0001,yes
20,extend_GNN best-of-16 s44,material_match+earliest_completion,no,100,-10.57,2.04,-6.35,-12.6,-8.54,80,18,80.0,0.0001,yes
20,extend_GNN best-of-16 s44,milk_run+least_loaded,no,100,-31.26,4.07,-16.71,-35.45,-27.27,96,4,96.0,0.0001,yes
20,extend_GNN best-of-16 s44,earliest_completion_job+earliest_completion,no,100,-10.52,2.01,-6.33,-12.52,-8.5,80,18,80.0,0.0001,yes
20,extend_GNN best-of-16 s44,earliest_completion_job+material_match,yes,100,-10.4,2.04,-6.26,-12.37,-8.36,77,18,77.0,0.0001,yes
40,extend_GNN greedy (3 seeds),milk_run+earliest_completion,no,100,-17.33,4.8,-6.36,-22.13,-12.6,81,19,81.0,0.0001,yes
40,extend_GNN greedy (3 seeds),milk_run+earliest_available,no,100,-16.51,5.6,-6.08,-22.14,-11.01,65,35,65.0,0.0001,yes
40,extend_GNN greedy (3 seeds),material_match+earliest_completion,no,99,-3.34,3.15,-1.29,-6.46,-0.17,60,39,60.6,0.0442,yes
40,extend_GNN greedy (3 seeds),milk_run+least_loaded,no,100,-16.04,5.51,-5.92,-21.64,-10.62,65,35,65.0,0.0001,yes
40,extend_GNN greedy (3 seeds),earliest_completion_job+earliest_completion,no,99,-3.48,3.23,-1.35,-6.69,-0.25,59,40,59.6,0.0419,yes
40,extend_GNN greedy (3 seeds),earliest_completion_job+material_match,yes,100,-2.74,2.9,-1.06,-5.6,0.14,53,45,53.0,0.0694,no
40,extend_GNN greedy _s42,milk_run+earliest_completion,no,100,-14.56,5.39,-5.35,-19.95,-9.18,69,28,69.0,0.0001,yes
40,extend_GNN greedy _s42,milk_run+earliest_available,no,100,-13.74,6.3,-5.06,-20.16,-7.46,64,35,64.0,0.0001,yes
40,extend_GNN greedy _s42,material_match+earliest_completion,no,99,-0.32,3.94,-0.13,-4.17,3.67,48,49,48.5,0.8774,no
40,extend_GNN greedy _s42,milk_run+least_loaded,no,100,-13.27,6.22,-4.9,-19.54,-7.02,64,35,64.0,0.0001,yes
40,extend_GNN greedy _s42,earliest_completion_job+earliest_completion,no,99,-0.46,4.03,-0.18,-4.4,3.64,47,50,47.5,0.8255,no
40,extend_GNN greedy _s42,earliest_completion_job+material_match,yes,100,0.03,3.69,0.01,-3.51,3.69,47,49,47.0,0.9921,no
40,extend_GNN greedy _s43,milk_run+earliest_completion,no,100,-13.86,5.44,-5.09,-19.22,-8.47,71,27,71.0,0.0001,yes
40,extend_GNN greedy _s43,milk_run+earliest_available,no,100,-13.04,6.07,-4.8,-19.04,-7.13,62,35,62.0,0.0001,yes
40,extend_GNN greedy _s43,material_match+earliest_completion,no,99,-0.03,4.16,-0.01,-4.09,4.22,51,45,51.5,0.9923,no
40,extend_GNN greedy _s43,milk_run+least_loaded,no,100,-12.57,6.01,-4.64,-18.53,-6.7,60,37,60.0,0.0001,yes
40,extend_GNN greedy _s43,earliest_completion_job+earliest_completion,no,99,-0.17,4.21,-0.07,-4.27,4.12,52,44,52.5,0.9416,no
40,extend_GNN greedy _s43,earliest_completion_job+material_match,yes,100,0.73,4.0,0.28,-3.21,4.79,54,46,54.0,0.7282,no
40,extend_GNN greedy _s44,milk_run+earliest_completion,no,100,-23.57,5.29,-8.65,-28.84,-18.33,84,15,84.0,0.0001,yes
40,extend_GNN greedy _s44,milk_run+earliest_available,no,100,-22.75,5.92,-8.38,-28.71,-16.97,80,20,80.0,0.0001,yes
40,extend_GNN greedy _s44,material_match+earliest_completion,no,99,-9.66,3.79,-3.74,-13.43,-5.85,67,31,67.7,0.0001,yes
40,extend_GNN greedy _s44,milk_run+least_loaded,no,100,-22.28,5.81,-8.22,-28.12,-16.65,80,20,80.0,0.0001,yes
40,extend_GNN greedy _s44,earliest_completion_job+earliest_completion,no,99,-9.8,3.85,-3.79,-13.67,-5.93,67,31,67.7,0.0001,yes
40,extend_GNN greedy _s44,earliest_completion_job+material_match,yes,100,-8.98,3.63,-3.48,-12.47,-5.3,69,28,69.0,0.0001,yes
40,extend_GNN best-of-8 s42,milk_run+earliest_completion,no,100,-26.63,4.49,-9.78,-31.12,-22.19,87,11,87.0,0.0001,yes
40,extend_GNN best-of-8 s42,milk_run+earliest_available,no,100,-25.81,5.62,-9.51,-31.52,-20.35,79,19,79.0,0.0001,yes
40,extend_GNN best-of-8 s42,material_match+earliest_completion,no,99,-12.61,2.85,-4.88,-15.45,-9.76,76,21,76.8,0.0001,yes
40,extend_GNN best-of-8 s42,milk_run+least_loaded,no,100,-25.34,5.54,-9.35,-30.93,-19.91,78,19,78.0,0.0001,yes
40,extend_GNN best-of-8 s42,earliest_completion_job+earliest_completion,no,99,-12.75,2.93,-4.93,-15.7,-9.82,76,21,76.8,0.0001,yes
40,extend_GNN best-of-8 s42,earliest_completion_job+material_match,yes,100,-12.04,2.78,-4.67,-14.8,-9.24,80,19,80.0,0.0001,yes
40,extend_GNN best-of-16 s42,milk_run+earliest_completion,no,100,-29.97,4.62,-11.01,-34.66,-25.41,90,9,90.0,0.0001,yes
40,extend_GNN best-of-16 s42,milk_run+earliest_available,no,100,-29.15,5.61,-10.74,-34.81,-23.68,86,12,86.0,0.0001,yes
40,extend_GNN best-of-16 s42,material_match+earliest_completion,no,99,-15.86,2.79,-6.14,-18.66,-13.09,85,12,85.9,0.0001,yes
40,extend_GNN best-of-16 s42,milk_run+least_loaded,no,100,-28.68,5.51,-10.58,-34.25,-23.3,87,11,87.0,0.0001,yes
40,extend_GNN best-of-16 s42,earliest_completion_job+earliest_completion,no,99,-16.0,2.87,-6.19,-18.88,-13.15,84,12,84.8,0.0001,yes
40,extend_GNN best-of-16 s42,earliest_completion_job+material_match,yes,100,-15.38,2.63,-5.97,-17.98,-12.77,87,10,87.0,0.0001,yes
40,extend_GNN best-of-8 s44,milk_run+earliest_completion,no,100,-34.04,4.86,-12.5,-38.98,-29.29,91,9,91.0,0.0001,yes
40,extend_GNN best-of-8 s44,milk_run+earliest_available,no,100,-33.22,5.57,-12.24,-38.88,-27.76,90,8,90.0,0.0001,yes
40,extend_GNN best-of-8 s44,material_match+earliest_completion,no,99,-19.96,2.58,-7.73,-22.49,-17.39,93,6,93.9,0.0001,yes
40,extend_GNN best-of-8 s44,milk_run+least_loaded,no,100,-32.75,5.48,-12.08,-38.32,-27.37,90,9,90.0,0.0001,yes
40,extend_GNN best-of-8 s44,earliest_completion_job+earliest_completion,no,99,-20.1,2.64,-7.78,-22.72,-17.47,93,6,93.9,0.0001,yes
40,extend_GNN best-of-8 s44,earliest_completion_job+material_match,yes,100,-19.45,2.43,-7.55,-21.83,-17.02,96,3,96.0,0.0001,yes
40,extend_GNN best-of-16 s44,milk_run+earliest_completion,no,100,-37.17,4.77,-13.65,-41.95,-32.51,95,5,95.0,0.0001,yes
40,extend_GNN best-of-16 s44,milk_run+earliest_available,no,100,-36.35,5.52,-13.39,-41.96,-30.92,94,5,94.0,0.0001,yes
40,extend_GNN best-of-16 s44,material_match+earliest_completion,no,99,-23.07,2.58,-8.93,-25.65,-20.48,95,4,96.0,0.0001,yes
40,extend_GNN best-of-16 s44,milk_run+least_loaded,no,100,-35.88,5.42,-13.24,-41.34,-30.59,94,5,94.0,0.0001,yes
40,extend_GNN best-of-16 s44,earliest_completion_job+earliest_completion,no,99,-23.21,2.65,-8.98,-25.84,-20.54,95,4,96.0,0.0001,yes
40,extend_GNN best-of-16 s44,earliest_completion_job+material_match,yes,100,-22.58,2.36,-8.76,-24.91,-20.2,96,3,96.0,0.0001,yes
60,extend_GNN greedy (3 seeds),milk_run+earliest_completion,no,100,-7.27,6.11,-2.09,-13.23,-1.18,61,39,61.0,0.0197,yes
60,extend_GNN greedy (3 seeds),milk_run+earliest_available,no,100,-6.26,6.1,-1.8,-12.47,-0.24,60,40,60.0,0.0463,yes
60,extend_GNN greedy (3 seeds),material_match+earliest_completion,no,100,-8.16,3.95,-2.34,-12.13,-4.18,69,31,69.0,0.0001,yes
60,extend_GNN greedy (3 seeds),milk_run+least_loaded,yes,100,-5.73,6.15,-1.65,-12.0,0.36,59,41,59.0,0.0696,no
60,extend_GNN greedy (3 seeds),earliest_completion_job+earliest_completion,no,100,-8.47,3.9,-2.42,-12.41,-4.5,68,32,68.0,0.0001,yes
60,extend_GNN greedy (3 seeds),earliest_completion_job+material_match,no,100,-8.51,4.0,-2.43,-12.54,-4.46,69,30,69.0,0.0002,yes
60,extend_GNN greedy _s42,milk_run+earliest_completion,no,100,-3.35,6.47,-0.96,-9.71,3.13,50,48,50.0,0.3213,no
60,extend_GNN greedy _s42,milk_run+earliest_available,no,100,-2.34,6.68,-0.67,-8.91,4.3,52,47,52.0,0.4972,no
60,extend_GNN greedy _s42,material_match+earliest_completion,no,100,-4.24,5.05,-1.21,-9.13,0.86,59,40,59.0,0.1035,no
60,extend_GNN greedy _s42,milk_run+least_loaded,yes,100,-1.81,6.83,-0.52,-8.54,5.03,53,46,53.0,0.6005,no
60,extend_GNN greedy _s42,earliest_completion_job+earliest_completion,no,100,-4.55,5.03,-1.3,-9.41,0.55,58,40,58.0,0.0792,no
60,extend_GNN greedy _s42,earliest_completion_job+material_match,no,100,-4.59,4.67,-1.31,-9.12,0.31,62,36,62.0,0.0575,no
60,extend_GNN greedy _s43,milk_run+earliest_completion,no,100,-3.76,6.75,-1.08,-10.29,3.12,56,43,56.0,0.2875,no
60,extend_GNN greedy _s43,milk_run+earliest_available,no,100,-2.75,6.71,-0.79,-9.55,3.91,57,42,57.0,0.4261,no
60,extend_GNN greedy _s43,material_match+earliest_completion,no,100,-4.65,4.75,-1.33,-9.32,0.18,59,38,59.0,0.0577,no
60,extend_GNN greedy _s43,milk_run+least_loaded,yes,100,-2.22,6.63,-0.64,-8.93,4.37,55,45,55.0,0.5114,no
60,extend_GNN greedy _s43,earliest_completion_job+earliest_completion,no,100,-4.96,4.74,-1.42,-9.62,-0.13,60,38,60.0,0.0428,yes
60,extend_GNN greedy _s43,earliest_completion_job+material_match,no,100,-5.0,5.12,-1.43,-10.19,0.19,58,40,58.0,0.058,no
60,extend_GNN greedy _s44,milk_run+earliest_completion,no,100,-14.7,6.76,-4.22,-21.37,-7.88,63,37,63.0,0.0001,yes
60,extend_GNN greedy _s44,milk_run+earliest_available,no,100,-13.69,6.57,-3.94,-20.37,-7.25,61,39,61.0,0.0002,yes
60,extend_GNN greedy _s44,material_match+earliest_completion,no,100,-15.59,4.46,-4.46,-19.9,-10.97,80,19,80.0,0.0001,yes
60,extend_GNN greedy _s44,milk_run+least_loaded,yes,100,-13.16,6.62,-3.79,-19.93,-6.65,62,38,62.0,0.0001,yes
60,extend_GNN greedy _s44,earliest_completion_job+earliest_completion,no,100,-15.9,4.36,-4.55,-20.13,-11.42,80,19,80.0,0.0001,yes
60,extend_GNN greedy _s44,earliest_completion_job+material_match,no,100,-15.94,4.59,-4.56,-20.42,-11.38,80,20,80.0,0.0001,yes
60,extend_GNN best-of-8 s42,milk_run+earliest_completion,no,100,-18.31,5.87,-5.26,-24.05,-12.47,72,28,72.0,0.0001,yes
60,extend_GNN best-of-8 s42,milk_run+earliest_available,no,100,-17.3,5.81,-4.98,-23.27,-11.64,72,28,72.0,0.0001,yes
60,extend_GNN best-of-8 s42,material_match+earliest_completion,no,100,-19.2,3.51,-5.5,-22.71,-15.7,86,14,86.0,0.0001,yes
60,extend_GNN best-of-8 s42,milk_run+least_loaded,yes,100,-16.77,5.93,-4.83,-22.8,-11.02,71,27,71.0,0.0001,yes
60,extend_GNN best-of-8 s42,earliest_completion_job+earliest_completion,no,100,-19.51,3.56,-5.58,-23.11,-15.97,84,16,84.0,0.0001,yes
60,extend_GNN best-of-8 s42,earliest_completion_job+material_match,no,100,-19.55,3.36,-5.59,-22.92,-16.22,91,8,91.0,0.0001,yes
60,extend_GNN best-of-16 s42,milk_run+earliest_completion,no,100,-23.33,5.76,-6.7,-28.97,-17.61,75,25,75.0,0.0001,yes
60,extend_GNN best-of-16 s42,milk_run+earliest_available,no,100,-22.32,5.77,-6.42,-28.3,-16.69,76,23,76.0,0.0001,yes
60,extend_GNN best-of-16 s42,material_match+earliest_completion,no,100,-24.22,3.23,-6.93,-27.47,-20.98,93,6,93.0,0.0001,yes
60,extend_GNN best-of-16 s42,milk_run+least_loaded,yes,100,-21.79,5.82,-6.28,-27.8,-16.06,79,20,79.0,0.0001,yes
60,extend_GNN best-of-16 s42,earliest_completion_job+earliest_completion,no,100,-24.53,3.27,-7.02,-27.84,-21.23,93,6,93.0,0.0001,yes
60,extend_GNN best-of-16 s42,earliest_completion_job+material_match,no,100,-24.57,3.06,-7.03,-27.67,-21.56,96,3,96.0,0.0001,yes
60,extend_GNN best-of-8 s44,milk_run+earliest_completion,no,100,-28.09,5.66,-8.06,-33.63,-22.53,83,17,83.0,0.0001,yes
60,extend_GNN best-of-8 s44,milk_run+earliest_available,no,100,-27.08,5.84,-7.8,-33.05,-21.35,81,19,81.0,0.0001,yes
60,extend_GNN best-of-8 s44,material_match+earliest_completion,no,100,-28.98,3.42,-8.3,-32.39,-25.53,94,6,94.0,0.0001,yes
60,extend_GNN best-of-8 s44,milk_run+least_loaded,yes,100,-26.55,5.94,-7.65,-32.57,-20.67,79,20,79.0,0.0001,yes
60,extend_GNN best-of-8 s44,earliest_completion_job+earliest_completion,no,100,-29.29,3.43,-8.38,-32.72,-25.82,94,6,94.0,0.0001,yes
60,extend_GNN best-of-8 s44,earliest_completion_job+material_match,no,100,-29.33,3.35,-8.39,-32.66,-25.97,96,3,96.0,0.0001,yes
60,extend_GNN best-of-16 s44,milk_run+earliest_completion,no,100,-31.22,5.58,-8.96,-36.71,-25.71,86,14,86.0,0.0001,yes
60,extend_GNN best-of-16 s44,milk_run+earliest_available,no,100,-30.21,5.86,-8.7,-36.19,-24.46,82,17,82.0,0.0001,yes
60,extend_GNN best-of-16 s44,material_match+earliest_completion,no,100,-32.11,3.29,-9.19,-35.38,-28.8,96,4,96.0,0.0001,yes
60,extend_GNN best-of-16 s44,milk_run+least_loaded,yes,100,-29.68,5.9,-8.56,-35.71,-23.89,82,18,82.0,0.0001,yes
60,extend_GNN best-of-16 s44,earliest_completion_job+earliest_completion,no,100,-32.42,3.3,-9.27,-35.72,-29.12,96,4,96.0,0.0001,yes
60,extend_GNN best-of-16 s44,earliest_completion_job+material_match,no,100,-32.46,3.24,-9.28,-35.71,-29.29,98,1,98.0,0.0001,yes
80,extend_GNN greedy (3 seeds),milk_run+earliest_completion,yes,97,4.15,5.93,0.97,-1.93,9.93,37,60,38.1,0.1682,no
80,extend_GNN greedy (3 seeds),milk_run+earliest_available,no,97,-0.38,6.76,-0.09,-7.18,6.42,39,57,40.2,0.9086,no
80,extend_GNN greedy (3 seeds),material_match+earliest_completion,no,97,-16.03,4.18,-3.59,-20.12,-11.96,75,21,77.3,0.0001,yes
80,extend_GNN greedy (3 seeds),milk_run+least_loaded,no,97,-1.25,6.95,-0.29,-8.15,5.79,42,54,43.3,0.7242,no
80,extend_GNN greedy (3 seeds),earliest_completion_job+earliest_completion,no,97,-16.49,4.23,-3.69,-20.67,-12.41,75,22,77.3,0.0001,yes
80,extend_GNN greedy (3 seeds),earliest_completion_job+material_match,no,97,-17.38,3.72,-3.88,-21.14,-13.67,80,17,82.5,0.0001,yes
80,extend_GNN greedy _s42,milk_run+earliest_completion,yes,99,7.84,6.12,1.84,1.56,13.78,35,62,35.4,0.0157,yes
80,extend_GNN greedy _s42,milk_run+earliest_available,no,99,3.32,6.64,0.77,-3.34,9.99,44,53,44.4,0.3322,no
80,extend_GNN greedy _s42,material_match+earliest_completion,no,99,-12.63,5.21,-2.83,-17.88,-7.45,67,30,67.7,0.0001,yes
80,extend_GNN greedy _s42,milk_run+least_loaded,no,99,2.36,6.71,0.55,-4.37,9.11,40,57,40.4,0.4877,no
80,extend_GNN greedy _s42,earliest_completion_job+earliest_completion,no,99,-13.07,5.21,-2.92,-18.38,-7.85,69,28,69.7,0.0001,yes
80,extend_GNN greedy _s42,earliest_completion_job+material_match,no,99,-13.74,4.7,-3.07,-18.39,-9.11,70,28,70.7,0.0001,yes
80,extend_GNN greedy _s43,milk_run+earliest_completion,yes,98,11.54,7.58,2.71,3.86,18.99,37,61,37.8,0.0043,yes
80,extend_GNN greedy _s43,milk_run+earliest_available,no,98,6.91,8.05,1.6,-1.05,14.97,40,57,40.8,0.0912,no
80,extend_GNN greedy _s43,material_match+earliest_completion,no,98,-8.78,5.84,-1.96,-14.42,-3.09,64,34,65.3,0.0046,yes
80,extend_GNN greedy _s43,milk_run+least_loaded,no,98,6.03,8.28,1.4,-2.16,14.32,43,54,43.9,0.147,no
80,extend_GNN greedy _s43,earliest_completion_job+earliest_completion,no,98,-9.22,5.9,-2.06,-15.01,-3.48,65,33,66.3,0.0029,yes
80,extend_GNN greedy _s43,earliest_completion_job+material_match,no,98,-10.09,5.38,-2.25,-15.46,-4.74,65,30,66.3,0.0004,yes
80,extend_GNN greedy _s44,milk_run+earliest_completion,yes,100,-5.38,6.17,-1.26,-11.59,0.76,52,46,52.0,0.0939,no
80,extend_GNN greedy _s44,milk_run+earliest_available,no,100,-9.99,7.33,-2.32,-17.36,-2.74,55,43,55.0,0.0083,yes
80,extend_GNN greedy _s44,material_match+earliest_completion,no,100,-25.97,4.42,-5.81,-30.38,-21.67,86,13,86.0,0.0001,yes
80,extend_GNN greedy _s44,milk_run+least_loaded,no,100,-10.96,7.51,-2.54,-18.47,-3.51,57,43,57.0,0.0054,yes
80,extend_GNN greedy _s44,earliest_completion_job+earliest_completion,no,100,-26.41,4.46,-5.9,-30.87,-22.03,85,14,85.0,0.0001,yes
80,extend_GNN greedy _s44,earliest_completion_job+material_match,no,100,-27.05,4.45,-6.04,-31.41,-22.75,91,9,91.0,0.0001,yes
80,extend_GNN best-of-8 s42,milk_run+earliest_completion,yes,100,-8.05,6.04,-1.89,-14.19,-2.04,55,44,55.0,0.0108,yes
80,extend_GNN best-of-8 s42,milk_run+earliest_available,no,100,-12.66,6.38,-2.94,-19.17,-6.38,61,36,61.0,0.0001,yes
80,extend_GNN best-of-8 s42,material_match+earliest_completion,no,100,-28.64,4.31,-6.41,-33.0,-24.4,92,8,92.0,0.0001,yes
80,extend_GNN best-of-8 s42,milk_run+least_loaded,no,100,-13.63,6.61,-3.16,-20.4,-7.08,64,35,64.0,0.0001,yes
80,extend_GNN best-of-8 s42,earliest_completion_job+earliest_completion,no,100,-29.08,4.31,-6.5,-33.44,-24.85,92,8,92.0,0.0001,yes
80,extend_GNN best-of-8 s42,earliest_completion_job+material_match,no,100,-29.72,3.89,-6.64,-33.61,-25.89,94,5,94.0,0.0001,yes
80,extend_GNN best-of-16 s42,milk_run+earliest_completion,yes,100,-13.27,5.58,-3.11,-19.02,-7.82,61,37,61.0,0.0001,yes
80,extend_GNN best-of-16 s42,milk_run+earliest_available,no,100,-17.88,6.02,-4.15,-24.04,-12.02,68,31,68.0,0.0001,yes
80,extend_GNN best-of-16 s42,material_match+earliest_completion,no,100,-33.86,4.13,-7.58,-38.02,-29.83,94,6,94.0,0.0001,yes
80,extend_GNN best-of-16 s42,milk_run+least_loaded,no,100,-18.85,6.2,-4.37,-25.15,-12.69,69,30,69.0,0.0001,yes
80,extend_GNN best-of-16 s42,earliest_completion_job+earliest_completion,no,100,-34.3,4.17,-7.67,-38.47,-30.27,94,5,94.0,0.0001,yes
80,extend_GNN best-of-16 s42,earliest_completion_job+material_match,no,100,-34.94,3.9,-7.8,-38.93,-31.16,98,2,98.0,0.0001,yes
80,extend_GNN best-of-8 s44,milk_run+earliest_completion,yes,100,-21.68,5.86,-5.09,-27.58,-15.92,81,18,81.0,0.0001,yes
80,extend_GNN best-of-8 s44,milk_run+earliest_available,no,100,-26.29,6.25,-6.1,-32.64,-20.19,78,22,78.0,0.0001,yes
80,extend_GNN best-of-8 s44,material_match+earliest_completion,no,100,-42.27,3.81,-9.46,-46.14,-38.58,99,1,99.0,0.0001,yes
80,extend_GNN best-of-8 s44,milk_run+least_loaded,no,100,-27.26,6.43,-6.31,-33.69,-20.95,76,23,76.0,0.0001,yes
80,extend_GNN best-of-8 s44,earliest_completion_job+earliest_completion,no,100,-42.71,3.95,-9.55,-46.69,-38.88,99,1,99.0,0.0001,yes
80,extend_GNN best-of-8 s44,earliest_completion_job+material_match,no,100,-43.35,3.69,-9.68,-47.1,-39.8,100,0,100.0,0.0001,yes
80,extend_GNN best-of-16 s44,milk_run+earliest_completion,yes,100,-26.03,5.74,-6.11,-31.82,-20.36,85,14,85.0,0.0001,yes
80,extend_GNN best-of-16 s44,milk_run+earliest_available,no,100,-30.64,6.18,-7.11,-37.0,-24.61,83,17,83.0,0.0001,yes
80,extend_GNN best-of-16 s44,material_match+earliest_completion,no,100,-46.62,3.68,-10.43,-50.31,-43.1,99,1,99.0,0.0001,yes
80,extend_GNN best-of-16 s44,milk_run+least_loaded,no,100,-31.61,6.42,-7.32,-38.14,-25.27,82,17,82.0,0.0001,yes
80,extend_GNN best-of-16 s44,earliest_completion_job+earliest_completion,no,100,-47.06,3.78,-10.52,-50.87,-43.41,99,1,99.0,0.0001,yes
80,extend_GNN best-of-16 s44,earliest_completion_job+material_match,no,100,-47.7,3.63,-10.65,-51.44,-44.22,100,0,100.0,0.0001,yes
100,extend_GNN greedy (3 seeds),milk_run+earliest_completion,no,98,18.83,8.01,3.73,10.69,26.89,26,72,26.5,0.0001,yes
100,extend_GNN greedy (3 seeds),milk_run+earliest_available,yes,98,22.67,6.79,4.52,15.85,29.37,28,70,28.6,0.0001,yes
100,extend_GNN greedy (3 seeds),material_match+earliest_completion,no,98,-11.79,4.61,-2.2,-16.43,-7.09,67,31,68.4,0.0001,yes
100,extend_GNN greedy (3 seeds),milk_run+least_loaded,no,98,18.46,6.73,3.65,11.75,25.04,29,69,29.6,0.0001,yes
100,extend_GNN greedy (3 seeds),earliest_completion_job+earliest_completion,no,98,-11.81,4.55,-2.21,-16.37,-7.21,67,31,68.4,0.0001,yes
100,extend_GNN greedy (3 seeds),earliest_completion_job+material_match,no,98,-9.04,4.63,-1.7,-13.69,-4.27,63,35,64.3,0.0007,yes
100,extend_GNN greedy _s42,milk_run+earliest_completion,no,100,24.72,7.95,4.89,16.54,32.52,24,76,24.0,0.0001,yes
100,extend_GNN greedy _s42,milk_run+earliest_available,yes,100,28.86,7.22,5.75,21.67,35.83,22,78,22.0,0.0001,yes
100,extend_GNN greedy _s42,material_match+earliest_completion,no,100,-5.36,5.12,-1.0,-10.66,-0.25,56,43,56.0,0.0406,yes
100,extend_GNN greedy _s42,milk_run+least_loaded,no,100,25.07,7.22,4.96,17.94,32.08,21,77,21.0,0.0001,yes
100,extend_GNN greedy _s42,earliest_completion_job+earliest_completion,no,100,-5.31,5.14,-0.99,-10.6,-0.16,58,41,58.0,0.0449,yes
100,extend_GNN greedy _s42,earliest_completion_job+material_match,no,100,-2.37,5.43,-0.44,-7.86,3.14,59,41,59.0,0.3954,no
100,extend_GNN greedy _s43,milk_run+earliest_completion,no,99,24.59,9.13,4.87,15.38,33.45,27,72,27.3,0.0001,yes
100,extend_GNN greedy _s43,milk_run+earliest_available,yes,99,28.12,8.04,5.61,20.22,36.09,26,73,26.3,0.0001,yes
100,extend_GNN greedy _s43,material_match+earliest_completion,no,99,-5.94,6.12,-1.11,-12.0,0.12,48,48,48.5,0.06,no
100,extend_GNN greedy _s43,milk_run+least_loaded,no,99,24.07,7.9,4.76,16.11,31.86,26,72,26.3,0.0001,yes
100,extend_GNN greedy _s43,earliest_completion_job+earliest_completion,no,99,-5.89,6.07,-1.1,-11.9,0.08,47,49,47.5,0.0611,no
100,extend_GNN greedy _s43,earliest_completion_job+material_match,no,99,-3.03,6.05,-0.57,-9.02,2.95,53,44,53.5,0.3391,no
100,extend_GNN greedy _s44,milk_run+earliest_completion,no,99,6.33,8.98,1.25,-2.86,15.23,39,60,39.4,0.1704,no
100,extend_GNN greedy _s44,milk_run+earliest_available,yes,99,10.78,7.63,2.15,3.15,18.3,39,57,39.4,0.0054,yes
100,extend_GNN greedy _s44,material_match+earliest_completion,no,99,-23.84,6.12,-4.45,-29.89,-17.46,76,22,76.8,0.0001,yes
100,extend_GNN greedy _s44,milk_run+least_loaded,no,99,6.83,7.67,1.35,-0.92,14.38,44,54,44.4,0.0836,no
100,extend_GNN greedy _s44,earliest_completion_job+earliest_completion,no,99,-23.86,6.0,-4.45,-29.81,-17.61,76,21,76.8,0.0001,yes
100,extend_GNN greedy _s44,earliest_completion_job+material_match,no,99,-21.01,5.98,-3.94,-26.93,-14.91,75,23,75.8,0.0001,yes
100,extend_GNN best-of-8 s42,milk_run+earliest_completion,no,100,3.39,7.95,0.67,-4.67,11.33,42,58,42.0,0.4102,no
100,extend_GNN best-of-8 s42,milk_run+earliest_available,yes,100,7.53,6.65,1.5,0.95,13.96,43,55,43.0,0.032,yes
100,extend_GNN best-of-8 s42,material_match+earliest_completion,no,100,-26.69,4.4,-4.98,-31.16,-22.32,88,10,88.0,0.0001,yes
100,extend_GNN best-of-8 s42,milk_run+least_loaded,no,100,3.74,6.46,0.74,-2.65,10.06,43,55,43.0,0.2606,no
100,extend_GNN best-of-8 s42,earliest_completion_job+earliest_completion,no,100,-26.64,4.39,-4.97,-31.11,-22.28,88,10,88.0,0.0001,yes
100,extend_GNN best-of-8 s42,earliest_completion_job+material_match,no,100,-23.7,4.17,-4.45,-27.98,-19.58,87,12,87.0,0.0001,yes
100,extend_GNN best-of-16 s42,milk_run+earliest_completion,no,100,-3.76,7.68,-0.74,-11.43,3.89,47,53,47.0,0.3506,no
100,extend_GNN best-of-16 s42,milk_run+earliest_available,yes,100,0.38,6.39,0.08,-5.87,6.57,48,52,48.0,0.9117,no
100,extend_GNN best-of-16 s42,material_match+earliest_completion,no,100,-33.84,4.24,-6.32,-38.21,-29.57,94,6,94.0,0.0001,yes
100,extend_GNN best-of-16 s42,milk_run+least_loaded,no,100,-3.41,6.26,-0.67,-9.61,2.73,51,46,51.0,0.2911,no
100,extend_GNN best-of-16 s42,earliest_completion_job+earliest_completion,no,100,-33.79,4.22,-6.31,-38.13,-29.54,94,6,94.0,0.0001,yes
100,extend_GNN best-of-16 s42,earliest_completion_job+material_match,no,100,-30.85,3.84,-5.79,-34.78,-27.09,96,3,96.0,0.0001,yes
100,extend_GNN best-of-8 s44,milk_run+earliest_completion,no,100,-14.32,7.78,-2.83,-22.11,-6.58,59,40,59.0,0.0004,yes
100,extend_GNN best-of-8 s44,milk_run+earliest_available,yes,100,-10.18,6.66,-2.03,-16.88,-3.53,56,42,56.0,0.0031,yes
100,extend_GNN best-of-8 s44,material_match+earliest_completion,no,100,-44.4,4.03,-8.29,-48.52,-40.42,99,1,99.0,0.0001,yes
100,extend_GNN best-of-8 s44,milk_run+least_loaded,no,100,-13.97,6.62,-2.76,-20.7,-7.46,62,36,62.0,0.0001,yes
100,extend_GNN best-of-8 s44,earliest_completion_job+earliest_completion,no,100,-44.35,4.05,-8.28,-48.5,-40.35,99,1,99.0,0.0001,yes
100,extend_GNN best-of-8 s44,earliest_completion_job+material_match,no,100,-41.41,3.91,-7.77,-45.4,-37.56,98,2,98.0,0.0001,yes
100,extend_GNN best-of-16 s44,milk_run+earliest_completion,no,100,-20.42,7.51,-4.04,-27.85,-12.93,62,37,62.0,0.0001,yes
100,extend_GNN best-of-16 s44,milk_run+earliest_available,yes,100,-16.28,6.55,-3.25,-22.79,-9.79,64,35,64.0,0.0001,yes
100,extend_GNN best-of-16 s44,material_match+earliest_completion,no,100,-50.5,4.11,-9.43,-54.65,-46.53,100,0,100.0,0.0001,yes
100,extend_GNN best-of-16 s44,milk_run+least_loaded,no,100,-20.07,6.36,-3.97,-26.37,-13.89,71,28,71.0,0.0001,yes
100,extend_GNN best-of-16 s44,earliest_completion_job+earliest_completion,no,100,-50.45,4.14,-9.42,-54.64,-46.45,100,0,100.0,0.0001,yes
100,extend_GNN best-of-16 s44,earliest_completion_job+material_match,no,100,-47.51,4.0,-8.92,-51.54,-43.65,100,0,100.0,0.0001,yes
