n_jobs,job_rule,amr_rule,combo,executed,ideal,penalty_pct,clean,instances
20,earliest_completion_job,material_match,earliest_completion_job+material_match,160.0,148.6,7.92,10,10
20,material_match,material_match,material_match+material_match,160.4,149.2,7.79,10,10
20,earliest_completion_job,earliest_completion,earliest_completion_job+earliest_completion,160.9,149.2,7.92,10,10
20,earliest_completion_job,nearest_amr,earliest_completion_job+nearest_amr,160.9,149.2,7.92,10,10
20,material_match,earliest_completion,material_match+earliest_completion,161.3,149.8,7.79,10,10
20,material_match,nearest_amr,material_match+nearest_amr,161.3,149.8,7.79,10,10
20,earliest_completion_job,random,earliest_completion_job+random,161.5,151.6,6.58,10,10
20,material_match,random,material_match+random,161.5,151.6,6.58,10,10
20,earliest_completion_job,earliest_available,earliest_completion_job+earliest_available,163.1,150.6,8.68,10,10
20,earliest_completion_job,least_loaded,earliest_completion_job+least_loaded,163.1,150.6,8.68,10,10
20,material_match,earliest_available,material_match+earliest_available,163.1,150.6,8.68,10,10
20,material_match,least_loaded,material_match+least_loaded,163.1,150.6,8.68,10,10
20,most_congested_station,material_match,most_congested_station+material_match,166.2,149.6,11.03,10,10
20,most_congested_station,earliest_available,most_congested_station+earliest_available,166.4,151.2,10.09,10,10
20,most_congested_station,least_loaded,most_congested_station+least_loaded,166.4,151.2,10.09,10,10
20,most_congested_station,earliest_completion,most_congested_station+earliest_completion,166.8,149.0,11.91,10,10
20,spt,earliest_completion,spt+earliest_completion,170.1,150.6,12.83,10,10
20,spt,material_match,spt+material_match,171.6,153.8,11.72,10,10
20,lpt,earliest_completion,lpt+earliest_completion,172.7,151.2,14.06,10,10
20,lpt,material_match,lpt+material_match,173.0,151.2,14.25,10,10
20,spt,earliest_available,spt+earliest_available,173.1,155.4,11.44,10,10
20,spt,least_loaded,spt+least_loaded,173.1,155.4,11.44,10,10
20,lpt,earliest_available,lpt+earliest_available,174.6,154.2,13.36,10,10
20,lpt,least_loaded,lpt+least_loaded,174.6,154.2,13.36,10,10
20,milk_run,material_match,milk_run+material_match,176.1,144.6,23.37,10,10
20,milk_run,least_loaded,milk_run+least_loaded,176.8,143.4,24.48,10,10
20,milk_run,earliest_available,milk_run+earliest_available,177.0,146.4,22.25,10,10
20,spt,nearest_amr,spt+nearest_amr,177.2,151.4,17.22,10,10
20,fifo,earliest_completion,fifo+earliest_completion,178.2,156.2,14.06,10,10
20,milk_run,earliest_completion,milk_run+earliest_completion,178.4,146.4,23.88,10,10
20,milk_run,nearest_amr,milk_run+nearest_amr,178.4,146.4,23.88,10,10
20,fifo,material_match,fifo+material_match,178.7,157.6,13.5,10,10
20,milk_run,random,milk_run+random,179.5,147.2,24.4,10,10
20,fifo,earliest_available,fifo+earliest_available,181.4,157.2,15.72,10,10
20,fifo,least_loaded,fifo+least_loaded,181.4,157.2,15.72,10,10
20,lpt,nearest_amr,lpt+nearest_amr,182.5,146.2,24.75,10,10
20,fifo,nearest_amr,fifo+nearest_amr,188.3,155.4,21.99,10,10
20,most_congested_station,nearest_amr,most_congested_station+nearest_amr,188.8,156.4,21.21,10,10
20,least_congested_station,earliest_available,least_congested_station+earliest_available,194.3,155.4,25.35,10,10
20,least_congested_station,least_loaded,least_congested_station+least_loaded,194.3,155.4,25.35,10,10
20,least_congested_station,earliest_completion,least_congested_station+earliest_completion,207.1,158.2,31.14,10,10
20,least_congested_station,material_match,least_congested_station+material_match,210.1,166.2,26.97,10,10
20,least_congested_station,nearest_amr,least_congested_station+nearest_amr,213.2,166.2,29.8,10,10
20,random,random,random+random,235.6,165.0,44.88,10,10
20,random,earliest_available,random+earliest_available,244.6,162.2,54.88,10,10
20,random,earliest_completion,random+earliest_completion,244.6,162.2,54.88,10,10
20,random,least_loaded,random+least_loaded,244.6,162.2,54.88,10,10
20,random,material_match,random+material_match,244.6,162.2,54.88,10,10
20,random,nearest_amr,random+nearest_amr,244.6,162.2,54.88,10,10
20,nearest_station,material_match,nearest_station+material_match,287.5,228.8,27.35,10,10
20,nearest_station,random,nearest_station+random,291.9,228.0,30.1,10,10
20,nearest_station,earliest_available,nearest_station+earliest_available,295.2,223.0,37.67,10,10
20,nearest_station,earliest_completion,nearest_station+earliest_completion,297.1,226.4,34.63,10,10
20,nearest_station,nearest_amr,nearest_station+nearest_amr,297.1,226.4,34.63,10,10
20,nearest_station,least_loaded,nearest_station+least_loaded,299.0,224.8,36.6,10,10
20,spt,random,spt+random,316.9,236.4,37.72,10,10
20,lpt,random,lpt+random,376.1,261.0,46.89,10,10
20,fifo,random,fifo+random,377.2,278.4,36.59,10,10
20,most_congested_station,random,most_congested_station+random,378.2,277.0,39.19,10,10
20,least_congested_station,random,least_congested_station+random,455.6,283.0,62.71,10,10
40,earliest_completion_job,earliest_completion,earliest_completion_job+earliest_completion,258.1,227.6,13.36,10,10
40,earliest_completion_job,nearest_amr,earliest_completion_job+nearest_amr,258.1,227.6,13.36,10,10
40,material_match,earliest_completion,material_match+earliest_completion,258.1,227.6,13.36,10,10
40,material_match,nearest_amr,material_match+nearest_amr,258.1,227.6,13.36,10,10
40,earliest_completion_job,earliest_available,earliest_completion_job+earliest_available,260.0,228.4,13.77,10,10
40,earliest_completion_job,least_loaded,earliest_completion_job+least_loaded,260.0,228.4,13.77,10,10
40,earliest_completion_job,random,earliest_completion_job+random,260.0,227.6,14.2,10,10
40,material_match,earliest_available,material_match+earliest_available,260.0,228.4,13.77,10,10
40,material_match,least_loaded,material_match+least_loaded,260.0,228.4,13.77,10,10
40,material_match,random,material_match+random,260.0,227.6,14.2,10,10
40,earliest_completion_job,material_match,earliest_completion_job+material_match,262.7,227.2,15.6,10,10
40,material_match,material_match,material_match+material_match,262.7,227.2,15.6,10,10
40,most_congested_station,earliest_available,most_congested_station+earliest_available,265.6,232.6,14.29,10,10
40,milk_run,material_match,milk_run+material_match,266.4,225.0,18.6,10,10
40,most_congested_station,earliest_completion,most_congested_station+earliest_completion,267.2,224.6,18.85,10,10
40,milk_run,least_loaded,milk_run+least_loaded,268.7,207.2,29.7,10,10
40,milk_run,earliest_available,milk_run+earliest_available,269.9,208.2,29.76,10,10
40,milk_run,random,milk_run+random,270.5,213.8,26.41,10,10
40,most_congested_station,least_loaded,most_congested_station+least_loaded,270.6,236.6,14.39,10,10
40,milk_run,earliest_completion,milk_run+earliest_completion,272.1,222.4,22.86,10,10
40,milk_run,nearest_amr,milk_run+nearest_amr,272.1,222.4,22.86,10,10
40,most_congested_station,material_match,most_congested_station+material_match,272.5,229.4,18.66,10,10
40,fifo,material_match,fifo+material_match,273.2,235.6,16.02,10,10
40,spt,earliest_completion,spt+earliest_completion,273.6,224.8,21.7,10,10
40,lpt,earliest_completion,lpt+earliest_completion,273.9,225.2,21.71,10,10
40,spt,earliest_available,spt+earliest_available,274.1,232.4,17.93,10,10
40,lpt,least_loaded,lpt+least_loaded,274.1,232.0,18.17,10,10
40,spt,least_loaded,spt+least_loaded,274.2,232.4,17.97,10,10
40,lpt,earliest_available,lpt+earliest_available,274.7,233.2,17.83,10,10
40,lpt,material_match,lpt+material_match,276.8,235.6,17.45,10,10
40,fifo,earliest_completion,fifo+earliest_completion,276.9,239.2,15.71,10,10
40,fifo,least_loaded,fifo+least_loaded,277.8,245.4,13.48,10,10
40,spt,material_match,spt+material_match,277.8,232.6,19.52,10,10
40,fifo,earliest_available,fifo+earliest_available,278.3,244.6,14.04,10,10
40,lpt,nearest_amr,lpt+nearest_amr,343.1,274.8,26.53,10,10
40,most_congested_station,nearest_amr,most_congested_station+nearest_amr,349.8,291.6,20.48,10,10
40,least_congested_station,earliest_available,least_congested_station+earliest_available,369.0,238.8,54.43,10,10
40,spt,nearest_amr,spt+nearest_amr,370.5,303.4,23.13,10,10
40,fifo,nearest_amr,fifo+nearest_amr,374.6,302.8,24.05,10,10
40,least_congested_station,least_loaded,least_congested_station+least_loaded,375.9,238.0,57.91,10,10
40,random,earliest_available,random+earliest_available,398.6,235.0,71.67,10,10
40,random,earliest_completion,random+earliest_completion,398.6,235.0,71.67,10,10
40,random,least_loaded,random+least_loaded,398.6,235.0,71.67,10,10
40,random,material_match,random+material_match,398.6,235.0,71.67,10,10
40,random,nearest_amr,random+nearest_amr,398.6,235.0,71.67,10,10
40,least_congested_station,earliest_completion,least_congested_station+earliest_completion,417.5,314.0,33.51,10,10
40,least_congested_station,material_match,least_congested_station+material_match,424.2,341.6,24.36,10,10
40,random,random,random+random,429.8,224.8,91.97,10,10
40,least_congested_station,nearest_amr,least_congested_station+nearest_amr,472.3,333.6,43.9,10,10
40,nearest_station,random,nearest_station+random,564.4,350.8,71.17,10,10
40,nearest_station,material_match,nearest_station+material_match,579.8,347.6,70.56,10,10
40,nearest_station,least_loaded,nearest_station+least_loaded,585.0,365.2,70.39,10,10
40,nearest_station,earliest_available,nearest_station+earliest_available,588.0,362.8,75.22,10,10
40,lpt,random,lpt+random,610.2,415.6,49.95,10,10
40,nearest_station,earliest_completion,nearest_station+earliest_completion,611.2,368.2,72.05,10,10
40,nearest_station,nearest_amr,nearest_station+nearest_amr,611.2,368.2,72.05,10,10
40,fifo,random,fifo+random,635.5,422.2,52.45,10,10
40,spt,random,spt+random,641.0,421.0,55.28,10,10
40,most_congested_station,random,most_congested_station+random,649.4,417.2,55.93,10,10
40,least_congested_station,random,least_congested_station+random,831.7,421.0,99.85,10,10
60,milk_run,earliest_completion,milk_run+earliest_completion,335.6,284.6,18.16,10,10
60,milk_run,nearest_amr,milk_run+nearest_amr,335.6,284.6,18.16,10,10
60,milk_run,random,milk_run+random,345.8,287.2,20.42,10,10
60,milk_run,earliest_available,milk_run+earliest_available,347.8,294.2,18.42,10,10
60,milk_run,least_loaded,milk_run+least_loaded,348.7,286.4,21.73,10,10
60,milk_run,material_match,milk_run+material_match,352.4,303.4,16.32,10,10
60,material_match,material_match,material_match+material_match,354.7,308.8,14.93,10,10
60,material_match,earliest_completion,material_match+earliest_completion,355.8,313.8,13.48,10,10
60,material_match,nearest_amr,material_match+nearest_amr,355.8,313.8,13.48,10,10
60,material_match,earliest_available,material_match+earliest_available,357.4,311.0,14.98,10,10
60,material_match,least_loaded,material_match+least_loaded,357.4,311.0,14.98,10,10
60,earliest_completion_job,earliest_completion,earliest_completion_job+earliest_completion,357.9,313.6,14.25,10,10
60,earliest_completion_job,material_match,earliest_completion_job+material_match,357.9,312.6,14.62,10,10
60,earliest_completion_job,nearest_amr,earliest_completion_job+nearest_amr,357.9,313.6,14.25,10,10
60,earliest_completion_job,earliest_available,earliest_completion_job+earliest_available,360.7,311.4,15.93,10,10
60,earliest_completion_job,least_loaded,earliest_completion_job+least_loaded,360.7,311.4,15.93,10,10
60,material_match,random,material_match+random,360.8,316.4,14.24,10,10
60,earliest_completion_job,random,earliest_completion_job+random,361.3,316.8,14.26,10,10
60,most_congested_station,earliest_completion,most_congested_station+earliest_completion,372.2,323.8,15.23,10,10
60,most_congested_station,material_match,most_congested_station+material_match,374.1,319.6,17.24,10,10
60,most_congested_station,earliest_available,most_congested_station+earliest_available,375.7,318.4,18.17,10,10
60,most_congested_station,least_loaded,most_congested_station+least_loaded,377.1,311.8,20.95,10,10
60,spt,earliest_completion,spt+earliest_completion,378.5,313.8,20.83,10,10
60,spt,material_match,spt+material_match,379.1,321.0,18.13,10,10
60,lpt,earliest_completion,lpt+earliest_completion,379.2,317.0,19.9,10,10
60,fifo,earliest_completion,fifo+earliest_completion,381.4,319.6,19.34,10,10
60,lpt,earliest_available,lpt+earliest_available,381.5,314.0,21.57,10,10
60,spt,earliest_available,spt+earliest_available,383.7,312.6,22.83,10,10
60,lpt,least_loaded,lpt+least_loaded,384.0,312.4,22.98,10,10
60,lpt,material_match,lpt+material_match,384.0,324.4,18.64,10,10
60,spt,least_loaded,spt+least_loaded,384.2,312.6,23.0,10,10
60,fifo,material_match,fifo+material_match,384.5,324.6,18.41,10,10
60,fifo,earliest_available,fifo+earliest_available,385.3,334.0,15.49,10,10
60,fifo,least_loaded,fifo+least_loaded,388.2,326.2,19.07,10,10
60,least_congested_station,earliest_available,least_congested_station+earliest_available,513.9,364.4,41.06,10,10
60,spt,nearest_amr,spt+nearest_amr,526.1,422.6,25.09,10,10
60,least_congested_station,least_loaded,least_congested_station+least_loaded,531.5,320.0,66.11,10,10
60,lpt,nearest_amr,lpt+nearest_amr,536.0,421.4,27.54,10,10
60,fifo,nearest_amr,fifo+nearest_amr,541.7,426.0,28.6,10,10
60,most_congested_station,nearest_amr,most_congested_station+nearest_amr,558.4,426.4,30.65,10,10
60,random,earliest_available,random+earliest_available,617.4,334.8,86.3,10,10
60,random,earliest_completion,random+earliest_completion,617.4,334.8,86.3,10,10
60,random,least_loaded,random+least_loaded,617.4,334.8,86.3,10,10
60,random,material_match,random+material_match,617.4,334.8,86.3,10,10
60,random,nearest_amr,random+nearest_amr,617.4,334.8,86.3,10,10
60,least_congested_station,earliest_completion,least_congested_station+earliest_completion,619.3,440.8,40.91,10,10
60,least_congested_station,material_match,least_congested_station+material_match,621.7,483.4,28.56,10,10
60,random,random,random+random,621.7,326.0,92.08,10,10
60,least_congested_station,nearest_amr,least_congested_station+nearest_amr,709.6,486.6,47.87,10,10
60,most_congested_station,random,most_congested_station+random,886.7,541.8,65.24,10,10
60,lpt,random,lpt+random,909.1,544.2,69.94,10,10
60,fifo,random,fifo+random,947.8,577.4,66.69,10,10
60,spt,random,spt+random,951.5,532.4,81.12,10,10
60,nearest_station,random,nearest_station+random,953.5,462.8,107.62,10,10
60,nearest_station,least_loaded,nearest_station+least_loaded,957.9,449.8,122.41,10,10
60,nearest_station,earliest_available,nearest_station+earliest_available,1001.5,449.8,133.02,10,10
60,nearest_station,earliest_completion,nearest_station+earliest_completion,1012.5,489.6,116.67,10,10
60,nearest_station,nearest_amr,nearest_station+nearest_amr,1012.5,489.6,116.67,10,10
60,nearest_station,material_match,nearest_station+material_match,1034.2,511.4,111.45,10,10
60,least_congested_station,random,least_congested_station+random,1214.4,583.0,115.65,10,10
80,milk_run,earliest_completion,milk_run+earliest_completion,416.3,354.4,17.49,10,10
80,milk_run,nearest_amr,milk_run+nearest_amr,416.3,354.4,17.49,10,10
80,milk_run,random,milk_run+random,423.6,350.6,21.03,10,10
80,milk_run,earliest_available,milk_run+earliest_available,426.0,347.0,23.54,10,10
80,milk_run,least_loaded,milk_run+least_loaded,428.2,352.2,22.68,10,10
80,milk_run,material_match,milk_run+material_match,433.0,372.0,16.75,10,10
80,material_match,earliest_completion,material_match+earliest_completion,445.2,399.6,11.48,10,10
80,material_match,nearest_amr,material_match+nearest_amr,445.2,399.6,11.48,10,10
80,earliest_completion_job,material_match,earliest_completion_job+material_match,447.5,402.6,11.18,10,10
80,earliest_completion_job,earliest_completion,earliest_completion_job+earliest_completion,448.1,401.6,11.62,10,10
80,earliest_completion_job,nearest_amr,earliest_completion_job+nearest_amr,448.1,401.6,11.62,10,10
80,material_match,material_match,material_match+material_match,448.4,402.6,11.39,10,10
80,material_match,random,material_match+random,448.7,409.0,9.68,10,10
80,earliest_completion_job,random,earliest_completion_job+random,450.6,410.4,9.77,10,10
80,earliest_completion_job,earliest_available,earliest_completion_job+earliest_available,458.3,412.6,11.09,10,10
80,earliest_completion_job,least_loaded,earliest_completion_job+least_loaded,458.3,412.6,11.09,10,10
80,material_match,earliest_available,material_match+earliest_available,458.3,412.6,11.09,10,10
80,material_match,least_loaded,material_match+least_loaded,458.3,412.6,11.09,10,10
80,most_congested_station,earliest_completion,most_congested_station+earliest_completion,468.3,414.0,13.17,10,10
80,most_congested_station,material_match,most_congested_station+material_match,471.7,416.0,13.51,10,10
80,most_congested_station,earliest_available,most_congested_station+earliest_available,477.5,425.4,12.41,10,10
80,spt,earliest_available,spt+earliest_available,480.4,418.4,14.85,10,10
80,lpt,earliest_available,lpt+earliest_available,483.0,429.2,12.6,10,10
80,most_congested_station,least_loaded,most_congested_station+least_loaded,483.8,397.8,21.76,10,10
80,spt,earliest_completion,spt+earliest_completion,484.1,412.4,17.41,10,10
80,lpt,earliest_completion,lpt+earliest_completion,484.3,418.4,15.83,10,10
80,spt,least_loaded,spt+least_loaded,486.2,394.4,23.36,10,10
80,lpt,least_loaded,lpt+least_loaded,487.6,391.6,24.62,10,10
80,lpt,material_match,lpt+material_match,487.6,419.6,16.29,10,10
80,spt,material_match,spt+material_match,490.6,423.8,15.78,10,10
80,fifo,earliest_completion,fifo+earliest_completion,494.3,413.0,19.71,10,10
80,fifo,material_match,fifo+material_match,496.5,431.6,15.09,10,10
80,fifo,earliest_available,fifo+earliest_available,501.3,416.8,20.42,10,10
80,fifo,least_loaded,fifo+least_loaded,502.9,411.4,22.33,10,10
80,least_congested_station,earliest_available,least_congested_station+earliest_available,697.6,454.0,53.84,10,10
80,least_congested_station,least_loaded,least_congested_station+least_loaded,714.5,411.2,73.79,10,10
80,lpt,nearest_amr,lpt+nearest_amr,720.4,525.4,37.87,10,10
80,fifo,nearest_amr,fifo+nearest_amr,748.7,558.2,34.08,10,10
80,spt,nearest_amr,spt+nearest_amr,812.7,606.2,34.81,10,10
80,most_congested_station,nearest_amr,most_congested_station+nearest_amr,826.4,641.0,28.58,10,10
80,least_congested_station,earliest_completion,least_congested_station+earliest_completion,884.7,635.0,40.21,10,10
80,least_congested_station,material_match,least_congested_station+material_match,893.2,667.2,33.97,10,10
80,random,random,random+random,933.4,499.8,87.88,10,10
80,random,earliest_available,random+earliest_available,953.3,498.2,93.23,10,10
80,random,earliest_completion,random+earliest_completion,953.3,498.2,93.23,10,10
80,random,least_loaded,random+least_loaded,953.3,498.2,93.23,10,10
80,random,material_match,random+material_match,953.3,498.2,93.23,10,10
80,random,nearest_amr,random+nearest_amr,953.3,498.2,93.23,10,10
80,least_congested_station,nearest_amr,least_congested_station+nearest_amr,1004.1,661.6,52.54,10,10
80,most_congested_station,random,most_congested_station+random,1152.0,670.2,73.27,10,10
80,fifo,random,fifo+random,1237.5,708.6,75.68,10,10
80,lpt,random,lpt+random,1248.9,651.6,95.96,10,10
80,spt,random,spt+random,1290.2,649.0,102.66,10,10
80,nearest_station,random,nearest_station+random,1495.3,616.4,149.59,10,10
80,nearest_station,earliest_available,nearest_station+earliest_available,1502.1,697.8,121.68,10,10
80,nearest_station,material_match,nearest_station+material_match,1505.1,646.0,141.07,10,10
80,nearest_station,least_loaded,nearest_station+least_loaded,1508.5,692.8,126.63,10,10
80,nearest_station,earliest_completion,nearest_station+earliest_completion,1519.2,633.0,150.25,10,10
80,nearest_station,nearest_amr,nearest_station+nearest_amr,1519.2,633.0,150.25,10,10
80,least_congested_station,random,least_congested_station+random,1709.2,676.8,157.69,10,10
100,milk_run,earliest_available,milk_run+earliest_available,502.4,409.2,22.94,10,10
100,milk_run,least_loaded,milk_run+least_loaded,506.3,401.6,26.1,10,10
100,milk_run,random,milk_run+random,513.3,417.6,23.05,10,10
100,milk_run,earliest_completion,milk_run+earliest_completion,515.1,421.4,22.39,10,10
100,milk_run,nearest_amr,milk_run+nearest_amr,515.1,421.4,22.39,10,10
100,milk_run,material_match,milk_run+material_match,515.4,448.0,15.08,10,10
100,earliest_completion_job,material_match,earliest_completion_job+material_match,539.5,492.8,9.43,10,10
100,earliest_completion_job,earliest_available,earliest_completion_job+earliest_available,542.2,490.4,10.48,10,10
100,earliest_completion_job,least_loaded,earliest_completion_job+least_loaded,542.2,490.4,10.48,10,10
100,earliest_completion_job,random,earliest_completion_job+random,542.2,492.2,10.12,10,10
100,material_match,earliest_completion,material_match+earliest_completion,543.1,488.8,11.06,10,10
100,material_match,nearest_amr,material_match+nearest_amr,543.1,488.8,11.06,10,10
100,earliest_completion_job,earliest_completion,earliest_completion_job+earliest_completion,543.2,487.6,11.36,10,10
100,earliest_completion_job,nearest_amr,earliest_completion_job+nearest_amr,543.2,487.6,11.36,10,10
100,material_match,material_match,material_match+material_match,543.3,493.2,10.11,10,10
100,material_match,random,material_match+random,544.0,493.0,10.3,10,10
100,material_match,earliest_available,material_match+earliest_available,545.0,492.8,10.53,10,10
100,material_match,least_loaded,material_match+least_loaded,545.0,492.8,10.53,10,10
100,most_congested_station,earliest_completion,most_congested_station+earliest_completion,569.2,505.0,12.72,10,10
100,most_congested_station,material_match,most_congested_station+material_match,575.3,509.6,12.86,10,10
100,most_congested_station,earliest_available,most_congested_station+earliest_available,583.6,525.0,11.15,10,10
100,lpt,earliest_available,lpt+earliest_available,591.3,516.4,14.62,10,10
100,most_congested_station,least_loaded,most_congested_station+least_loaded,592.0,520.2,13.86,10,10
100,lpt,least_loaded,lpt+least_loaded,594.7,514.8,15.64,10,10
100,spt,earliest_available,spt+earliest_available,596.1,511.6,16.54,10,10
100,spt,least_loaded,spt+least_loaded,597.4,517.0,15.62,10,10
100,lpt,earliest_completion,lpt+earliest_completion,599.0,510.2,17.43,10,10
100,lpt,material_match,lpt+material_match,599.9,514.6,16.54,10,10
100,spt,earliest_completion,spt+earliest_completion,600.4,501.8,19.6,10,10
100,spt,material_match,spt+material_match,605.1,522.0,15.9,10,10
100,fifo,earliest_available,fifo+earliest_available,611.7,520.2,17.64,10,10
100,fifo,earliest_completion,fifo+earliest_completion,611.8,513.4,19.16,10,10
100,fifo,material_match,fifo+material_match,617.7,512.6,20.57,10,10
100,fifo,least_loaded,fifo+least_loaded,621.8,516.2,20.5,10,10
100,least_congested_station,earliest_available,least_congested_station+earliest_available,882.8,589.6,50.09,10,10
100,least_congested_station,least_loaded,least_congested_station+least_loaded,934.6,519.0,80.25,10,10
100,fifo,nearest_amr,fifo+nearest_amr,941.8,681.4,38.37,10,10
100,lpt,nearest_amr,lpt+nearest_amr,956.9,658.2,44.84,10,10
100,spt,nearest_amr,spt+nearest_amr,991.2,721.4,36.53,10,10
100,most_congested_station,nearest_amr,most_congested_station+nearest_amr,1031.0,715.8,44.12,10,10
100,random,random,random+random,1119.3,566.2,97.93,10,10
100,least_congested_station,earliest_completion,least_congested_station+earliest_completion,1152.4,806.4,43.85,10,10
100,least_congested_station,material_match,least_congested_station+material_match,1159.4,869.0,33.53,10,10
100,random,earliest_available,random+earliest_available,1178.6,644.2,85.05,10,10
100,random,earliest_completion,random+earliest_completion,1178.6,644.2,85.05,10,10
100,random,least_loaded,random+least_loaded,1178.6,644.2,85.05,10,10
100,random,material_match,random+material_match,1178.6,644.2,85.05,10,10
100,random,nearest_amr,random+nearest_amr,1178.6,644.2,85.05,10,10
100,least_congested_station,nearest_amr,least_congested_station+nearest_amr,1234.4,693.4,78.93,10,10
100,most_congested_station,random,most_congested_station+random,1385.3,793.6,75.75,10,10
100,lpt,random,lpt+random,1465.4,754.6,94.57,10,10
100,fifo,random,fifo+random,1515.5,875.2,73.25,10,10
100,spt,random,spt+random,1519.7,802.4,92.17,10,10
100,nearest_station,least_loaded,nearest_station+least_loaded,2127.8,722.4,196.13,10,10
100,nearest_station,material_match,nearest_station+material_match,2131.6,819.6,165.74,10,10
100,nearest_station,earliest_completion,nearest_station+earliest_completion,2152.7,764.2,182.15,10,10
100,nearest_station,nearest_amr,nearest_station+nearest_amr,2152.7,764.2,182.15,10,10
100,nearest_station,earliest_available,nearest_station+earliest_available,2154.2,745.6,191.38,10,10
100,least_congested_station,random,least_congested_station+random,2163.0,793.6,176.54,10,10
100,nearest_station,random,nearest_station+random,2190.9,954.4,148.58,10,10
